age,income,credit_score,loan_amount,loan_term,existing_debt,employment_years,dependents,dti,loan_approved
25,38867.12,595.5,111261.03,48,0.0,11,2,0.0,1
55,63865.37,812.5,173394.95,60,23152.29,1,0,0.3625,1
50,50519.18,647.4,227167.41,36,9821.81,23,1,0.1944,1
40,45758.06,732.2,185751.72,48,12540.15,2,1,0.2741,1
40,48407.27,645.7,86919.31,12,6839.65,21,1,0.1413,1
59,53346.83,647.5,279125.17,24,0.0,17,4,0.0,0
24,59252.21,603.3,20000.0,24,8883.12,30,1,0.1499,1
52,35004.32,659.5,164290.79,48,12677.96,10,2,0.3622,0
30,34376.19,675.4,150384.12,24,15409.8,10,2,0.4483,0
25,66570.19,587.3,211854.31,48,8415.73,7,1,0.1264,0
44,43814.95,640.0,244932.94,24,0.0,16,2,0.0,0
64,28747.37,601.2,290141.18,48,0.0,6,1,0.0,0
54,56657.19,834.0,143007.61,24,26416.16,3,0,0.4662,1
55,56950.55,642.8,246926.59,36,1259.71,29,2,0.0221,1
53,27039.27,773.6,215665.47,12,21416.4,21,2,0.792,1
56,53442.23,634.4,63076.85,48,2527.31,3,0,0.0473,1
44,61033.75,670.7,352043.22,12,8540.35,19,3,0.1399,1
26,55615.8,544.3,84897.99,60,15001.67,9,3,0.2697,0
58,59479.72,614.2,233559.78,60,3438.44,5,1,0.0578,1
41,28935.96,666.8,231196.8,36,22737.72,14,2,0.7858,0
43,54965.6,776.9,222050.94,60,10605.83,24,1,0.193,1
37,45460.7,667.8,160433.85,60,13686.81,0,3,0.3011,0
29,42758.15,760.7,266180.21,12,7859.14,11,0,0.1838,1
62,63058.33,701.3,75170.6,48,15269.76,28,3,0.2422,1
56,72189.12,780.2,194733.7,24,22630.34,12,0,0.3135,1
49,76915.55,645.3,154890.03,60,8949.71,3,0,0.1164,1
39,69722.12,841.2,145816.16,60,23837.7,13,1,0.3419,1
58,48353.99,611.2,234299.82,60,5107.23,21,0,0.1056,0
45,55290.8,588.7,286198.28,36,16112.77,30,2,0.2914,0
40,61502.34,553.2,172539.54,12,13912.91,19,0,0.2262,0
41,51817.67,836.5,262454.49,12,1451.34,1,1,0.028,1
31,51961.46,715.6,203979.25,12,11710.48,25,0,0.2254,1
25,62356.3,623.3,128581.42,60,10058.93,24,4,0.1613,1
45,49110.76,749.9,179363.83,36,3174.46,20,3,0.0646,1
60,39060.7,705.0,176041.13,24,12864.02,27,1,0.3293,1
23,43782.9,807.3,144267.21,36,11170.32,23,0,0.2551,1
59,59508.66,526.2,234278.63,12,9419.3,7,4,0.1583,0
58,50044.9,628.8,218771.7,36,9451.38,13,3,0.1889,1
33,55103.15,613.0,72748.02,36,9279.92,15,4,0.1684,1
49,60051.19,492.1,67877.92,48,7058.4,15,0,0.1175,0
28,44377.38,734.8,233974.76,12,11118.67,19,1,0.2505,1
55,61343.72,628.4,134777.09,60,4848.69,21,0,0.079,1
52,55682.64,709.2,224163.29,12,31254.48,3,2,0.5613,1
36,31477.8,838.8,262474.53,36,0.0,17,0,0.0,1
24,71634.57,621.7,98323.77,24,5322.11,1,0,0.0743,1
64,42488.83,616.3,87077.02,48,5954.06,15,2,0.1401,1
41,25173.57,659.5,333954.53,48,26323.95,13,4,1.0457,0
61,34324.34,729.0,228125.66,12,0.0,6,3,0.0,1
51,34684.32,604.7,166460.75,36,13407.38,30,3,0.3866,0
56,50782.6,599.5,125284.76,36,11987.15,8,4,0.236,0
55,45892.24,734.6,159164.73,36,12668.82,1,4,0.2761,1
29,44947.52,680.3,104754.21,12,19890.75,11,0,0.4425,1
37,59295.53,486.4,270672.97,12,19726.63,23,1,0.3327,0
42,55098.13,552.0,137859.91,36,6392.35,0,3,0.116,0
43,54740.72,770.1,287482.77,24,11552.14,15,4,0.211,1
22,56147.43,682.2,167949.69,36,0.0,12,3,0.0,1
45,59242.02,589.0,116531.99,12,10792.74,26,3,0.1822,1
27,18380.7,636.4,165895.87,48,3648.08,0,1,0.1985,0
54,44533.43,651.1,20000.0,12,8508.94,0,1,0.1911,1
51,17296.85,708.9,190338.51,48,0.0,17,0,0.0,1
62,50540.9,541.3,186390.46,60,13238.98,5,1,0.2619,0
54,49930.51,582.7,265979.42,24,0.0,21,0,0.0,0
37,65682.98,671.8,49095.61,12,11186.28,8,4,0.1703,1
64,67814.52,642.0,292949.31,12,187.96,17,0,0.0028,1
39,53041.63,695.7,265647.94,24,3202.87,1,1,0.0604,1
35,42494.58,551.6,300163.49,12,19237.86,21,4,0.4527,0
61,57277.42,678.6,195782.29,60,14703.34,16,4,0.2567,1
37,42081.24,737.3,281111.75,60,19193.63,0,1,0.4561,1
24,49979.11,688.9,82300.48,60,22477.82,8,2,0.4497,1
42,64792.04,661.1,257043.81,60,3817.29,1,2,0.0589,1
56,41633.43,642.3,138306.98,36,21991.77,1,4,0.5282,0
29,62085.18,583.2,67887.85,24,0.0,21,3,0.0,1
41,60161.02,644.2,110068.76,36,15968.8,13,2,0.2654,1
26,35678.12,750.8,200442.49,24,6053.3,24,1,0.1697,1
51,64608.41,640.5,134056.06,60,2557.6,7,1,0.0396,1
42,60478.5,578.8,230085.88,36,14915.76,22,3,0.2466,0
35,51528.89,610.6,55341.0,24,17559.61,19,4,0.3408,0
31,38565.15,666.1,29832.2,48,17322.15,20,0,0.4492,1
46,37111.91,620.1,309790.99,24,11718.88,25,3,0.3158,0
51,41935.06,688.8,272304.01,24,11055.66,21,2,0.2636,1
63,58138.92,691.8,116056.25,24,14214.93,23,0,0.2445,1
40,35665.62,721.1,199760.03,12,12430.11,22,0,0.3485,1
28,56562.68,763.9,281560.56,12,14330.85,13,1,0.2534,1
58,31373.67,729.7,233536.05,36,11632.0,22,1,0.3708,1
49,46938.97,575.3,211857.85,60,16742.27,26,0,0.3567,0
52,51644.72,577.7,287612.33,24,0.0,22,1,0.0,0
25,86676.95,643.9,141543.0,48,8949.81,18,4,0.1033,1
35,29340.27,613.9,202494.28,24,0.0,2,3,0.0,0
55,72080.22,558.9,198572.11,24,12213.62,13,1,0.1694,0
58,52247.64,614.7,178179.04,12,23135.44,1,3,0.4428,0
40,56167.58,612.0,168815.56,36,6207.32,3,2,0.1105,1
57,51775.22,596.3,205829.46,48,11018.02,11,3,0.2128,0
58,56670.9,624.7,202752.6,24,16051.89,14,1,0.2832,0
38,47694.72,744.3,116125.79,36,0.0,16,0,0.0,1
61,71810.75,665.9,264143.67,36,5823.12,27,1,0.0811,1
33,43152.93,847.7,121889.18,24,12916.13,23,4,0.2993,1
31,66983.52,663.6,182541.32,48,0.0,13,2,0.0,1
51,40334.49,626.8,176377.56,36,2185.53,10,0,0.0542,0
49,49096.22,650.3,228648.29,12,18806.86,22,4,0.3831,0
27,33920.56,670.5,30471.68,36,18023.98,8,4,0.5314,0
58,56825.36,684.8,271272.79,24,12994.55,27,2,0.2287,1
29,71676.89,816.1,145840.77,48,17057.58,24,3,0.238,1
57,48839.66,582.4,297597.06,24,11720.83,21,0,0.24,0
21,47046.71,718.7,161746.81,60,14443.16,7,2,0.307,1
56,33280.75,666.6,196092.51,48,7474.77,19,4,0.2246,0
56,46560.61,524.3,353102.88,12,10926.5,25,2,0.2347,0
56,26108.09,711.7,177812.94,36,4941.04,2,0,0.1893,1
50,36306.83,751.4,299107.99,60,20107.87,5,3,0.5538,1
42,53401.79,581.4,203123.61,24,22172.48,15,3,0.4152,0
52,69785.2,649.3,233233.51,48,21039.3,11,3,0.3015,1
33,92138.16,512.0,205596.69,48,6735.13,21,3,0.0731,0
56,41201.22,549.3,267828.13,48,2369.81,12,0,0.0575,0
46,71529.5,733.8,145157.47,12,20215.79,30,0,0.2826,1
41,53656.29,612.7,121276.12,24,14351.26,9,3,0.2675,0
43,47731.29,561.3,148913.9,24,12628.67,11,4,0.2646,0
46,56488.92,668.4,207976.83,24,4930.94,0,0,0.0873,0
22,50928.75,608.2,182334.5,60,13405.31,7,2,0.2632,0
27,51655.94,612.3,256821.99,12,1317.78,7,2,0.0255,0
32,43875.0,709.1,304378.54,36,15072.5,23,1,0.3435,1
26,29028.36,557.1,121932.93,60,21031.09,10,3,0.7245,0
40,26845.62,577.6,141284.1,60,23048.36,6,4,0.8586,0
51,59798.67,662.3,85100.85,48,15668.19,9,4,0.262,1
50,45849.5,727.6,362429.84,60,0.0,17,0,0.0,1
42,41058.67,749.1,224373.56,36,11578.64,24,2,0.282,1
59,50127.58,596.8,238384.19,48,27117.45,30,4,0.541,0
46,61923.98,725.0,92783.33,36,3051.11,1,1,0.0493,1
24,52705.46,587.3,199906.4,12,9526.55,26,4,0.1808,0
55,40159.18,796.1,240739.84,12,21308.19,12,2,0.5306,1
46,68394.39,559.3,179779.38,60,14937.07,25,2,0.2184,1
49,73687.78,756.3,286056.45,12,29841.25,1,1,0.405,1
46,57418.35,597.5,384946.49,24,4137.04,19,4,0.0721,0
45,64604.95,811.1,124234.97,48,2081.95,28,2,0.0322,1
25,68629.4,697.3,118233.02,36,19793.0,1,2,0.2884,1
46,66951.49,568.7,129779.51,36,432.97,24,2,0.0065,1
56,59211.49,608.2,328495.93,60,8425.86,3,0,0.1423,0
34,58975.21,712.5,283388.43,48,9474.83,30,3,0.1607,1
48,57794.91,734.2,189157.77,60,18287.92,23,1,0.3164,1
22,33539.93,644.3,202924.77,48,14914.14,28,1,0.4447,1
36,60510.85,653.6,134676.51,60,13656.52,27,3,0.2257,1
40,29662.79,710.7,271202.17,48,6780.55,9,0,0.2286,1
65,38081.01,660.5,169607.85,36,19720.03,12,3,0.5178,0
30,69553.48,546.5,179193.88,60,42206.59,21,2,0.6068,0
33,62603.3,585.0,248703.18,60,15530.26,5,3,0.2481,0
39,72310.97,668.8,184960.4,12,10797.38,9,0,0.1493,1
65,45924.88,747.2,181202.72,60,0.0,3,3,0.0,1
59,32716.27,779.3,200846.02,48,4900.15,27,1,0.1498,1
22,46393.44,712.4,263628.43,60,8290.32,7,4,0.1787,1
31,51530.47,673.0,331719.45,48,5723.2,12,1,0.1111,1
57,51184.83,709.9,246838.9,60,9871.38,14,0,0.1929,1
23,67005.21,596.7,264265.14,24,24224.13,11,2,0.3615,0
59,44580.94,637.7,184011.68,12,19977.34,24,0,0.4481,1
33,55280.52,584.1,143376.17,12,8729.34,28,1,0.1579,1
62,35170.59,550.1,252318.9,24,333.76,17,3,0.0095,0
34,56754.76,676.7,213699.27,24,20698.94,25,2,0.3647,1
40,50046.63,664.8,86189.71,36,9607.57,3,3,0.192,1
50,38752.8,705.0,173754.43,12,0.0,29,4,0.0,1
26,46462.56,693.7,193368.24,12,15699.44,3,2,0.3379,1
46,47237.36,669.4,159163.37,36,18205.49,2,2,0.3854,0
43,45947.67,694.5,318538.85,48,0.0,0,0,0.0,1
56,76570.12,646.6,238387.12,12,3403.56,7,1,0.0445,1
65,48523.31,683.0,309853.99,36,9116.37,25,3,0.1879,1
50,46341.56,591.9,221074.02,48,15876.09,9,0,0.3426,0
39,18538.24,679.6,206511.03,48,5874.03,24,1,0.3169,0
39,36586.89,703.5,125072.17,12,3342.86,13,0,0.0914,1
39,46053.9,596.4,200954.36,48,15817.35,3,4,0.3435,0
57,39712.21,654.1,201044.31,12,6253.42,14,2,0.1575,1
35,70725.61,600.1,90630.89,24,14336.44,7,3,0.2027,0
28,47525.93,607.9,156837.8,24,1107.87,9,3,0.0233,1
36,69326.66,560.0,174137.39,60,0.0,16,1,0.0,0
22,50925.57,751.3,233078.36,12,16042.15,24,0,0.315,1
25,50558.42,735.3,236908.01,48,12020.16,18,1,0.2377,1
25,48668.05,693.0,153494.52,60,17379.65,6,0,0.3571,1
55,50056.94,807.8,237509.57,60,5739.26,22,1,0.1147,1
53,75781.93,634.9,185433.69,24,3639.16,21,1,0.048,1
52,15205.84,850.0,20000.0,12,20885.75,7,3,1.3735,1
41,19976.81,631.8,161223.84,24,0.0,26,1,0.0,1
53,41852.44,670.4,286319.09,48,20011.69,26,0,0.4781,0
28,50217.92,618.2,65455.54,12,20564.04,18,4,0.4095,1
61,60351.57,679.8,209015.3,48,16880.72,9,0,0.2797,1
43,57096.31,716.8,326820.9,24,4497.54,10,1,0.0788,1
63,44236.31,640.9,139150.96,48,3467.81,13,1,0.0784,1
27,65285.66,792.1,200171.93,48,8319.55,5,0,0.1274,1
43,65452.93,669.1,95678.7,36,0.0,9,4,0.0,1
52,52760.87,671.6,330178.49,48,2306.45,4,1,0.0437,1
43,64439.86,577.3,193333.39,60,15157.87,4,3,0.2352,0
41,54089.68,683.5,203730.15,24,15194.79,23,0,0.2809,1
28,41577.75,639.3,308344.04,36,1603.4,3,2,0.0386,0
38,60467.25,601.3,252918.27,48,15408.98,14,0,0.2548,0
31,51659.2,587.9,129949.7,60,13634.43,13,1,0.2639,0
34,50020.1,850.0,148217.77,36,22079.09,1,2,0.4414,1
51,72094.3,628.9,239594.5,24,14553.09,25,4,0.2019,1
49,15000.0,533.4,150070.32,60,18468.65,30,1,1.2312,0
48,28734.74,594.1,30620.54,60,13816.62,19,3,0.4808,0
37,32193.94,645.9,195740.74,36,17839.43,20,0,0.5541,1
64,44551.09,693.7,81582.99,12,0.0,7,1,0.0,1
24,46180.88,694.4,329302.54,24,9026.04,26,3,0.1954,1
36,27390.12,704.1,214143.01,36,9688.14,24,2,0.3537,1
26,35222.63,598.4,127586.0,48,8050.0,13,2,0.2285,0
36,37087.37,677.2,144109.41,48,13551.09,21,3,0.3654,1
64,86861.36,579.9,48848.19,60,15075.04,29,0,0.1736,1
37,77026.13,600.4,112043.05,12,13138.06,18,3,0.1706,1
61,43823.76,576.6,281305.86,36,8584.45,6,4,0.1959,0
43,44546.25,554.9,378542.89,48,4114.16,10,3,0.0924,0
52,32761.94,735.1,258111.72,60,18777.49,5,1,0.5731,1
41,21378.04,705.1,192636.6,12,12797.86,10,1,0.5986,0
32,48246.8,728.1,165443.25,60,1851.09,27,4,0.0384,1
55,35032.22,653.1,123480.33,12,8450.5,5,3,0.2412,1
64,48727.24,712.1,364781.27,12,0.0,27,4,0.0,1
32,25996.91,509.1,184900.1,60,10282.96,8,4,0.3955,0
56,38570.38,719.0,369250.39,48,8412.96,15,2,0.2181,1
32,52229.41,664.2,311481.56,60,5404.26,16,0,0.1035,1
53,55493.14,700.2,60736.29,48,22676.8,3,1,0.4086,1
56,56262.08,680.4,146723.81,48,750.77,5,1,0.0133,1
41,30192.67,571.0,146476.39,36,15651.14,9,4,0.5184,0
54,62820.29,530.2,193612.29,36,27493.67,1,1,0.4377,0
33,37996.82,593.0,195174.86,36,18618.14,23,1,0.49,0
24,59492.87,695.2,439699.13,24,9747.69,16,4,0.1638,1
25,49840.42,705.2,113821.77,60,927.45,26,0,0.0186,1
41,29354.19,540.6,218317.59,24,0.0,26,3,0.0,0
61,45257.03,571.5,249320.62,48,6707.59,10,2,0.1482,0
26,55480.46,592.1,199874.24,48,4503.99,25,4,0.0812,1
41,59194.48,621.4,208814.45,36,4243.62,1,2,0.0717,1
52,47885.18,541.0,116415.29,48,7389.49,13,2,0.1543,0
30,72976.68,536.2,208518.9,12,9182.02,20,4,0.1258,0
53,65112.66,584.3,240911.92,24,13881.7,14,4,0.2132,1
34,46150.19,656.9,226208.05,36,97.63,22,3,0.0021,1
57,61251.83,555.6,245616.07,24,4542.05,26,3,0.0742,0
47,79006.9,640.7,313008.63,60,8722.62,13,4,0.1104,1
45,79407.27,734.7,274957.32,60,8436.12,8,4,0.1062,1
28,31580.0,545.9,205703.57,48,24691.39,18,3,0.7819,0
41,36102.0,633.5,106259.33,24,11857.97,26,1,0.3285,1
59,72273.78,732.0,151999.58,12,0.0,30,3,0.0,1
21,34125.78,616.5,182429.51,48,13345.45,25,1,0.3911,0
55,30161.88,604.1,220187.67,60,14365.31,7,2,0.4763,0
43,42707.09,743.1,161733.38,36,8998.98,6,2,0.2107,1
53,56303.4,625.5,125141.34,60,292.83,17,4,0.0052,1
50,48464.05,738.4,104944.1,60,24064.44,12,2,0.4965,1
40,40241.55,684.3,67905.78,36,1440.93,18,4,0.0358,1
34,39886.81,622.6,181203.94,24,15286.18,28,4,0.3832,0
49,39314.94,688.4,82426.76,12,11600.4,17,4,0.2951,1
27,36807.36,675.6,119957.95,48,14806.48,11,0,0.4023,0
47,84224.49,731.7,168487.85,36,23654.86,26,3,0.2809,1
25,54462.67,606.1,93126.62,12,14493.11,13,1,0.2661,0
50,63301.39,653.3,230380.18,12,5530.69,18,2,0.0874,1
49,42663.84,645.1,259217.85,60,18847.94,4,2,0.4418,0
24,47210.65,706.3,156045.84,24,4951.2,15,1,0.1049,1
55,39296.69,568.0,165037.82,24,11308.46,13,4,0.2878,0
39,15000.0,731.4,242994.38,48,0.0,3,4,0.0,1
56,29329.86,687.3,142880.39,24,1733.75,6,2,0.0591,1
22,22840.72,544.6,137381.29,60,10411.09,21,0,0.4558,0
29,16253.24,746.7,295719.88,48,12944.69,5,0,0.7964,0
43,32069.62,828.7,270735.02,24,0.0,4,1,0.0,1
29,69874.34,730.1,248124.0,24,13978.3,1,4,0.2,1
35,49333.46,764.2,274051.57,60,3444.57,0,2,0.0698,1
50,69358.46,656.8,41817.7,36,20237.5,13,0,0.2918,1
27,56164.74,517.1,308306.84,60,7184.28,15,2,0.1279,0
51,61738.38,502.5,231364.97,24,1011.02,19,4,0.0164,0
25,36486.55,670.4,280862.51,12,10606.44,17,2,0.2907,1
28,57859.26,602.6,230972.94,60,2670.12,16,2,0.0461,0
47,60930.71,576.8,203913.99,24,20151.56,30,0,0.3307,1
56,41350.29,645.0,177975.26,60,10004.24,7,4,0.2419,0
28,58393.11,699.2,229371.55,48,8786.59,22,0,0.1505,1
34,58492.82,533.8,175060.17,24,14734.41,2,4,0.2519,0
62,41756.71,614.1,269430.09,48,1960.42,26,1,0.0469,1
65,33158.47,770.8,73083.47,12,0.0,11,0,0.0,1
47,32238.08,564.0,156673.93,24,13266.81,10,1,0.4115,0
41,51297.58,719.6,363585.86,24,1202.63,4,0,0.0234,1
36,54905.15,611.2,149913.56,48,1199.92,15,0,0.0219,1
48,38112.11,693.7,180905.3,36,16694.05,12,0,0.438,1
47,50398.78,737.8,129393.53,48,14200.51,30,3,0.2818,1
34,58558.06,709.3,226867.65,36,0.0,5,4,0.0,1
22,59272.86,722.7,141098.81,48,5046.91,12,1,0.0851,1
27,73278.2,557.9,185151.13,12,2770.15,27,3,0.0378,0
64,69154.71,739.1,267909.32,48,24210.55,25,1,0.3501,1
39,34980.63,581.8,144098.93,12,17248.08,23,2,0.4931,0
42,75253.79,670.8,263088.89,12,6633.24,16,1,0.0881,1
42,42035.35,670.7,265778.35,48,14609.56,27,4,0.3476,1
56,65673.09,688.8,284396.49,12,0.0,6,2,0.0,1
23,51019.8,677.0,211243.28,48,4618.83,25,2,0.0905,1
24,43817.76,582.5,459300.73,12,10838.91,17,4,0.2474,0
33,22884.55,542.0,284362.7,12,13617.85,10,3,0.5951,0
42,47426.53,719.8,225990.21,60,9220.33,6,0,0.1944,1
51,26609.25,664.9,129926.05,12,11984.11,16,0,0.4504,1
43,64509.49,742.0,192235.27,60,10626.69,0,1,0.1647,1
40,72751.89,646.4,314106.16,24,8691.38,22,0,0.1195,1
63,38046.34,537.6,336762.77,48,7630.84,7,3,0.2006,0
28,54529.56,727.3,318266.33,60,6589.88,12,2,0.1208,1
46,39119.13,620.4,262815.38,12,11855.5,5,0,0.3031,0
45,40572.73,677.4,99547.18,24,13286.52,14,2,0.3275,1
42,61617.42,598.2,238972.95,36,11586.87,11,4,0.188,0
57,49421.93,781.5,100687.81,60,571.22,5,4,0.0116,1
33,76094.72,579.9,81002.3,12,2008.58,27,4,0.0264,1
63,42766.51,623.0,219132.69,12,13191.05,23,4,0.3084,1
35,64990.04,658.6,241855.96,24,21773.39,12,3,0.335,1
45,51461.2,562.6,272270.17,24,11219.32,1,4,0.218,0
44,61936.67,676.4,239770.9,24,6706.65,26,4,0.1083,1
59,43292.64,779.0,242526.88,12,11794.72,21,3,0.2724,1
40,49256.62,610.8,121227.79,60,905.43,17,2,0.0184,0
33,48267.52,681.6,191601.87,48,20471.55,18,4,0.4241,1
21,37459.14,430.0,79430.66,12,11492.75,0,2,0.3068,0
37,59931.22,646.9,39730.47,36,4644.34,14,0,0.0775,1
58,59753.74,625.0,259251.42,48,8665.64,5,0,0.145,0
21,58903.32,584.5,139750.05,48,5783.71,20,2,0.0982,1
61,73054.48,736.5,269799.88,60,20493.36,28,0,0.2805,1
45,71740.17,623.9,288667.81,48,8382.08,16,0,0.1168,1
27,44375.83,635.8,150454.61,48,11242.93,18,1,0.2534,1
34,55595.78,619.8,247224.89,12,14589.81,20,2,0.2624,0
45,40645.99,496.7,147107.46,12,4073.87,28,2,0.1002,0
35,50350.33,559.4,52329.69,48,11549.68,1,2,0.2294,0
25,41003.76,726.9,209864.75,60,12195.48,9,2,0.2974,1
50,74301.05,481.2,162330.09,24,0.0,8,4,0.0,0
51,55455.47,588.7,164792.88,48,12021.57,22,1,0.2168,1
26,46729.56,618.0,358027.45,24,9633.9,13,2,0.2062,0
33,67904.28,789.5,77931.44,36,11039.73,23,3,0.1626,1
31,17440.77,711.5,230629.69,48,10285.04,14,1,0.5897,0
50,19788.46,605.4,120415.42,48,12073.36,30,0,0.6101,0
53,61937.58,754.4,272660.91,12,20698.75,23,0,0.3342,1
53,50907.03,590.8,223874.5,60,563.94,0,1,0.0111,0
63,53756.69,730.7,230347.55,60,7262.78,30,1,0.1351,1
55,30104.06,541.3,124408.83,36,15332.95,29,0,0.5093,0
35,49651.49,735.9,138752.97,24,13847.41,1,1,0.2789,1
25,80052.64,617.5,274180.04,36,13675.24,12,3,0.1708,1
48,62362.99,567.7,341663.82,60,32028.62,30,4,0.5136,0
62,52545.6,632.6,238424.63,36,14913.08,25,2,0.2838,0
64,43414.19,672.2,128206.34,12,19047.5,14,0,0.4387,1
31,44081.41,610.4,227115.08,12,7543.42,16,3,0.1711,0
31,18062.03,694.3,394197.76,60,2056.7,0,0,0.1139,0
22,53864.61,603.4,208193.82,48,7485.46,17,0,0.139,0
27,62682.25,699.6,316947.27,48,15695.68,20,2,0.2504,1
45,26365.71,685.4,140773.65,12,13254.62,11,2,0.5027,1
45,40078.75,645.1,196633.12,12,13226.01,9,1,0.33,1
37,32638.03,614.7,249565.22,24,8285.24,25,4,0.2539,0
34,35519.73,662.1,231786.26,24,7009.58,13,0,0.1973,1
58,50802.22,694.0,138688.91,24,8561.14,8,0,0.1685,1
41,18733.97,814.9,135238.6,36,15795.8,11,2,0.8432,1
57,59214.06,725.2,279062.75,24,16725.82,15,2,0.2825,1
64,61307.83,728.1,295324.07,12,1950.07,8,4,0.0318,1
35,46233.46,850.0,320971.48,36,16098.74,17,0,0.3482,1
30,15000.0,691.3,344314.44,48,4794.23,26,2,0.3196,0
63,35053.72,688.8,210769.55,48,13751.37,23,0,0.3923,1
49,68493.53,706.3,175104.06,24,8464.27,7,0,0.1236,1
34,15000.0,569.3,308079.28,24,22526.31,14,2,1.5018,0
48,44787.15,614.5,257045.54,36,6655.4,16,3,0.1486,0
44,32299.99,609.5,121403.58,12,11428.89,21,0,0.3538,1
61,62068.55,701.8,117309.15,60,14852.75,23,4,0.2393,1
32,39873.29,636.1,239354.42,60,3008.33,15,2,0.0754,1
65,56059.31,661.1,185818.03,12,9417.14,9,2,0.168,1
63,58481.91,737.0,197885.6,60,7867.32,20,4,0.1345,1
29,77543.39,719.1,285802.67,12,5889.49,3,1,0.076,1
28,46955.87,637.1,260722.97,36,6482.22,20,1,0.138,1
44,55640.67,596.4,306389.86,48,18896.12,27,3,0.3396,0
23,27724.17,740.8,45477.11,24,5211.59,21,0,0.188,1
34,67856.2,711.9,220271.83,24,14531.26,13,4,0.2141,1
40,38592.37,521.5,255575.08,12,12516.76,25,4,0.3243,0
64,41588.69,624.9,77873.13,48,0.0,16,4,0.0,1
65,49666.28,663.2,147608.35,12,14153.36,16,2,0.285,1
27,26556.73,712.3,132761.19,36,0.0,26,3,0.0,1
61,53431.55,722.8,201735.85,24,15024.73,5,4,0.2812,1
25,64511.99,672.7,330228.32,60,5942.47,24,0,0.0921,1
54,54394.01,696.8,361807.15,60,10066.94,21,1,0.1851,1
59,26166.54,655.1,134857.0,60,0.0,16,2,0.0,1
61,48142.86,596.1,242124.58,48,10979.06,2,3,0.2281,0
31,61130.43,629.1,244703.83,36,17415.6,23,3,0.2849,0
61,21830.17,651.5,231010.06,24,3544.28,6,4,0.1624,0
26,33878.51,647.2,231918.37,12,5142.66,27,2,0.1518,1
44,63148.15,499.2,224299.4,60,13636.97,24,0,0.216,0
42,54051.43,618.2,335005.61,24,13836.95,11,0,0.256,0
35,56179.57,654.5,288197.32,36,0.0,13,4,0.0,1
21,77892.42,627.5,115187.69,12,26123.25,0,2,0.3354,1
55,57028.29,630.3,263657.69,24,14228.43,15,3,0.2495,1
36,59868.32,689.0,271389.87,48,15575.35,1,2,0.2602,0
50,90661.18,563.7,225197.38,36,8851.68,30,4,0.0976,1
39,46792.93,519.8,290513.95,36,0.0,19,1,0.0,0
37,38031.76,622.1,215045.92,24,15397.78,7,0,0.4049,0
60,56416.95,711.1,216037.42,12,5478.5,24,3,0.0971,1
25,56584.87,785.0,209699.24,60,14351.45,0,2,0.2536,1
54,42099.27,712.6,38540.47,36,8249.59,17,4,0.196,1
54,34514.04,532.5,193568.13,24,11904.32,3,0,0.3449,0
38,84647.67,631.4,146539.95,24,3800.03,1,1,0.0449,1
32,54902.65,670.5,105084.16,48,16915.11,7,4,0.3081,1
21,39015.72,664.2,314721.46,36,492.97,9,4,0.0126,1
63,63738.95,693.1,240336.6,24,27964.56,22,0,0.4387,1
63,48362.82,576.6,197613.51,60,27903.59,27,4,0.577,0
31,46206.78,655.2,154815.73,60,23061.6,24,0,0.4991,1
22,58434.09,683.6,223693.57,12,20203.83,22,0,0.3458,1
26,30621.77,716.1,279314.89,48,9323.61,17,4,0.3045,0
24,55289.41,585.5,133842.73,60,19332.37,11,0,0.3497,0
58,78694.32,622.4,199613.73,36,9230.59,7,1,0.1173,1
61,56992.66,433.7,269445.32,12,0.0,29,0,0.0,0
27,44356.82,600.3,45119.91,12,22025.61,16,2,0.4966,0
54,42393.42,608.0,195394.42,48,19030.6,17,0,0.4489,0
29,43844.9,568.4,165656.69,60,9749.29,0,1,0.2224,0
37,46190.56,663.2,189293.61,12,198.53,14,1,0.0043,1
47,44332.9,645.5,159869.72,36,5310.39,21,3,0.1198,1
53,63744.67,469.3,211009.97,36,0.0,15,2,0.0,0
60,24001.86,667.2,353890.18,24,17560.65,19,0,0.7316,0
23,62930.0,575.7,174086.2,48,0.0,25,2,0.0,1
29,44304.7,688.9,223336.88,60,12294.65,0,2,0.2775,1
33,55654.22,547.5,359579.71,24,3250.45,28,1,0.0584,0
34,33095.18,652.4,155998.75,12,0.0,25,2,0.0,1
65,69929.47,627.3,345174.03,24,11906.84,13,1,0.1703,0
55,68684.52,674.2,200425.84,24,7329.6,23,1,0.1067,1
35,64393.86,660.0,342551.7,48,16705.51,2,3,0.2594,0
64,27278.68,629.6,260016.09,36,0.0,9,1,0.0,1
43,62436.82,527.1,224568.67,12,3941.48,3,1,0.0631,0
43,56072.83,531.8,194749.55,24,0.0,19,0,0.0,0
40,25920.93,603.3,150076.68,48,0.0,26,3,0.0,0
27,49635.54,649.3,206063.32,36,24385.54,18,3,0.4913,0
63,55468.02,601.3,271788.92,36,26668.79,22,3,0.4808,0
21,58341.13,700.0,198951.09,24,10741.81,4,0,0.1841,1
28,52658.92,627.7,174670.18,24,3409.37,28,2,0.0647,1
31,54368.47,572.8,179937.4,12,7612.41,5,1,0.14,0
33,72104.17,627.8,279398.13,12,16988.59,16,3,0.2356,0
26,68390.51,668.1,298012.92,12,5884.89,21,1,0.086,1
21,15000.0,676.0,146627.96,48,11901.07,26,2,0.7934,0
51,45238.42,800.3,146512.97,12,9897.95,28,2,0.2188,1
64,47530.23,596.5,230348.71,36,5449.5,18,3,0.1147,0
26,23718.52,644.1,322202.57,60,5790.46,17,3,0.2441,0
34,51412.75,684.1,291679.22,48,12346.57,12,4,0.2401,1
43,68731.37,648.1,99851.82,36,2184.89,17,2,0.0318,1
62,33701.48,610.0,178873.92,12,13613.83,20,4,0.404,0
52,55046.01,526.1,125551.72,36,6227.37,20,4,0.1131,0
55,36262.65,609.1,178599.0,60,11018.94,18,2,0.3039,0
47,39921.32,564.1,328352.8,24,21071.7,13,3,0.5278,0
39,72160.9,511.9,86191.95,60,8654.46,6,4,0.1199,0
29,41861.63,586.3,70490.78,48,17358.43,1,4,0.4147,0
59,56933.19,566.2,133715.67,24,0.0,13,1,0.0,1
57,21931.73,696.7,222984.85,12,6237.1,12,3,0.2844,1
22,77934.76,698.1,249660.39,12,10221.51,18,2,0.1312,1
53,59039.79,577.7,234995.87,24,25386.65,27,0,0.43,0
24,47262.5,629.2,294054.83,24,0.0,21,1,0.0,1
54,58633.2,501.3,58953.15,48,9230.32,24,4,0.1574,0
58,28852.71,610.5,295066.92,36,21653.51,17,4,0.7505,0
26,67737.96,681.9,175032.37,36,3719.84,28,3,0.0549,1
40,45140.23,716.0,258519.54,48,8297.29,29,4,0.1838,1
26,46938.96,593.0,94125.97,48,12653.91,4,2,0.2696,0
46,42625.17,734.1,200396.54,48,11476.07,19,3,0.2692,1
62,41290.23,528.7,218901.66,60,22526.16,15,0,0.5456,0
24,60420.06,550.2,292460.08,24,13587.79,30,1,0.2249,0
38,53838.6,706.8,73179.63,60,20622.18,18,0,0.383,1
64,59776.22,783.7,202460.2,36,7119.93,0,4,0.1191,1
34,49868.08,689.5,113181.18,12,4075.8,6,3,0.0817,1
26,57698.0,646.8,240439.68,12,8194.21,4,4,0.142,0
42,43717.27,474.4,262177.32,12,727.18,6,2,0.0166,0
43,83445.98,488.2,302973.62,60,13868.09,2,2,0.1662,0
50,26481.04,660.4,157197.64,12,6912.98,24,3,0.2611,1
35,68914.06,621.4,274178.12,60,4625.69,15,2,0.0671,1
64,70518.61,561.5,308872.13,48,13989.27,20,1,0.1984,0
44,37217.62,655.2,68540.24,36,850.27,30,1,0.0228,1
33,83439.1,659.2,248987.59,60,16164.02,20,2,0.1937,1
64,64932.35,725.6,276680.9,60,6173.3,14,0,0.0951,1
62,64567.09,660.9,179301.89,60,19272.77,8,0,0.2985,1
43,50420.33,748.3,103138.11,36,6858.1,23,0,0.136,1
22,46741.61,650.6,275436.46,24,15055.28,15,0,0.3221,1
47,46858.87,640.8,104039.29,12,11436.5,23,0,0.2441,1
45,55857.96,735.1,185731.89,60,15951.21,0,0,0.2856,1
27,71017.79,571.7,196790.08,60,10879.58,5,0,0.1532,0
49,52719.71,850.0,257243.04,36,0.0,4,4,0.0,1
58,36328.35,680.0,149869.48,12,18070.35,21,0,0.4974,1
25,62366.41,680.5,145233.3,60,9298.54,16,2,0.1491,1
53,63817.26,692.0,207913.24,24,16316.13,9,0,0.2557,1
27,59819.89,800.2,280511.24,36,15521.97,9,4,0.2595,1
54,61182.48,713.4,382996.0,48,3813.63,18,1,0.0623,1
39,45936.08,521.6,79401.5,12,2681.64,29,3,0.0584,0
21,36065.16,762.3,225227.36,12,15242.84,30,3,0.4226,1
64,36977.1,622.7,113077.2,12,7574.01,14,3,0.2048,0
28,25468.05,658.6,281504.9,60,17491.43,20,3,0.6868,0
47,53554.23,547.7,124916.44,60,8574.39,2,2,0.1601,0
29,48748.27,692.1,146028.14,36,18187.28,29,3,0.3731,1
62,43400.18,597.9,152858.33,36,13386.44,0,4,0.3084,0
54,15000.0,658.0,193904.08,36,12303.8,10,1,0.8203,0
57,31290.24,627.3,225855.81,24,7007.91,22,4,0.224,0
40,66812.61,804.0,238696.11,36,11859.42,30,4,0.1775,1
42,40030.61,808.6,199538.6,24,19542.82,5,3,0.4882,1
49,55408.88,653.7,93608.72,48,9566.28,20,4,0.1726,1
56,29139.72,655.1,258222.89,24,14249.4,5,0,0.489,0
59,71580.58,620.1,195763.31,48,10370.88,1,2,0.1449,1
21,47839.59,738.5,292938.78,60,10996.83,13,3,0.2299,1
50,54350.61,623.7,143380.9,24,23787.29,17,4,0.4377,0
25,84886.7,616.3,71818.02,12,19613.84,8,0,0.2311,1
33,72746.6,728.3,197277.92,36,10635.23,30,4,0.1462,1
58,45401.52,606.9,303676.22,12,11715.63,19,0,0.258,0
32,41101.7,647.0,212875.37,24,4385.04,13,1,0.1067,1
56,45116.82,523.5,184026.42,48,8616.23,15,3,0.191,0
41,57648.47,706.3,130372.24,36,12475.18,14,1,0.2164,1
31,48421.64,805.3,340621.32,36,16804.91,3,4,0.3471,1
36,44071.34,707.7,117631.79,48,15993.77,18,4,0.3629,1
44,72007.72,766.9,141968.46,12,1125.93,24,0,0.0156,1
55,48286.85,582.3,245602.74,36,17815.86,13,1,0.369,0
48,84493.84,668.9,51518.34,12,9289.81,13,0,0.1099,1
62,51361.14,574.5,301967.25,36,2104.07,28,3,0.041,0
60,76779.78,631.8,249935.45,24,20691.08,18,4,0.2695,1
54,55359.79,711.8,271938.49,60,21706.23,9,3,0.3921,0
48,64444.41,658.1,244649.36,24,12109.98,0,0,0.1879,1
34,39130.83,537.0,187110.12,24,15670.35,25,0,0.4005,0
39,37193.61,544.8,114948.1,12,16139.59,19,0,0.4339,0
26,56895.59,539.5,188793.96,12,21166.18,19,2,0.372,0
37,64828.3,689.3,121981.1,24,15824.55,8,3,0.2441,1
62,50603.85,815.1,238892.42,24,0.0,5,0,0.0,1
40,30704.1,759.0,264542.39,48,26078.46,15,4,0.8493,1
26,29596.12,498.3,318144.69,60,18525.26,23,1,0.6259,0
50,28592.95,763.7,229741.41,60,5923.81,9,2,0.2072,1
64,23485.67,724.9,273966.03,60,1763.0,16,3,0.0751,1
60,51642.28,526.4,176228.42,60,14038.51,30,2,0.2718,0
33,66875.66,625.7,161737.83,36,7773.92,6,2,0.1162,1
41,49798.76,737.6,237893.75,24,12639.96,7,1,0.2538,1
44,16093.78,694.0,169082.17,48,15947.25,7,2,0.9909,0
32,47138.59,545.3,221534.86,24,5468.46,28,1,0.116,0
33,47558.02,698.9,115104.62,48,1071.14,16,1,0.0225,1
31,81439.98,479.0,129469.79,60,13086.55,28,3,0.1607,0
65,28142.93,632.2,250832.74,12,5732.9,29,4,0.2037,0
54,44139.84,741.0,270935.21,48,11168.77,13,4,0.253,1
58,75587.79,651.5,121147.51,60,0.0,1,1,0.0,1
57,56749.68,610.1,253649.14,36,7982.54,9,1,0.1407,0
64,58449.7,721.1,157381.15,24,15719.62,16,0,0.2689,1
25,51718.77,728.0,201320.41,24,14847.46,11,1,0.2871,1
60,54949.15,754.8,313355.55,12,3693.14,0,2,0.0672,1
23,61664.14,719.9,264598.98,24,653.89,30,1,0.0106,1
42,37857.71,736.5,263669.76,48,10126.11,9,3,0.2675,0
47,63170.88,708.6,352703.23,36,14488.26,19,0,0.2294,1
37,29404.95,671.2,143689.65,24,13241.4,29,2,0.4503,1
27,54925.52,657.2,121130.0,36,5902.72,16,1,0.1075,1
29,52681.11,631.0,142230.22,60,12382.6,21,2,0.235,1
58,40755.6,553.0,179639.92,12,22018.84,1,0,0.5403,0
35,49659.72,573.6,20000.0,12,11641.16,21,2,0.2344,0
34,40661.9,627.4,183405.74,60,0.0,26,3,0.0,1
62,33924.48,669.3,156434.34,48,11625.6,28,4,0.3427,1
27,44695.78,765.3,262700.78,36,26351.66,2,1,0.5896,1
62,33440.17,646.7,228193.55,60,0.0,7,2,0.0,0
62,54841.96,730.3,151944.27,36,10237.8,1,3,0.1867,1
47,32748.72,736.3,247196.87,36,8189.32,28,2,0.2501,1
28,60679.66,631.5,257861.04,24,10767.06,8,2,0.1774,0
28,32277.81,697.6,138516.34,60,11554.02,16,1,0.358,1
33,41505.58,630.5,160558.06,48,19119.78,14,4,0.4607,0
46,40630.95,755.8,21970.95,24,10678.27,21,3,0.2628,1
27,69877.2,700.9,112747.2,48,20218.08,27,4,0.2893,1
41,54954.35,554.8,140602.44,48,9058.75,10,3,0.1648,0
26,46823.99,662.9,205933.29,12,7198.91,24,1,0.1537,1
45,57480.79,781.8,124369.39,12,4646.54,9,1,0.0808,1
21,18392.11,635.5,158923.84,36,0.0,6,0,0.0,1
52,49353.0,685.8,101973.55,48,12206.25,3,3,0.2473,1
23,79962.71,693.7,213689.11,48,26432.0,11,3,0.3306,1
29,51985.2,567.1,234057.17,24,13665.88,17,1,0.2629,0
28,51018.7,690.9,232189.23,60,15493.98,24,0,0.3037,1
58,58221.93,538.5,200988.89,36,6695.75,26,4,0.115,0
23,63434.08,600.0,76714.16,24,8045.33,16,1,0.1268,1
40,20038.0,736.1,150403.71,12,17877.13,12,2,0.8922,0
47,24765.1,678.5,167415.47,60,26069.55,5,0,1.0527,0
44,53154.37,625.6,167736.37,48,21903.58,28,0,0.4121,1
51,39276.85,685.7,205998.5,36,16441.96,12,4,0.4186,0
57,69680.38,645.2,314043.31,24,10281.2,23,3,0.1475,1
38,45272.38,651.0,264967.7,12,11677.75,19,0,0.2579,1
58,20982.04,702.5,120998.58,12,3971.94,28,0,0.1893,1
35,30979.79,591.8,254272.23,12,0.0,30,2,0.0,0
65,15000.0,653.2,251224.19,36,985.61,21,3,0.0657,0
43,46488.12,625.0,135514.6,12,10398.4,20,2,0.2237,1
54,47174.24,523.2,267909.27,12,7664.06,4,4,0.1625,0
60,43633.06,576.4,187169.87,24,0.0,0,3,0.0,0
56,66183.19,775.5,87203.72,48,9701.41,16,3,0.1466,1
59,67977.8,680.8,236416.22,36,7452.56,21,1,0.1096,1
45,47444.17,544.1,217356.95,12,617.21,23,3,0.013,0
22,17979.59,526.8,181785.79,48,7038.57,7,4,0.3915,0
43,59259.22,641.0,197003.75,36,7432.38,15,0,0.1254,1
29,58330.4,774.9,142473.16,12,5066.9,26,3,0.0869,1
61,54640.87,635.1,248810.44,48,17413.36,2,4,0.3187,0
31,64722.2,754.6,196523.95,60,0.0,11,2,0.0,1
31,32527.58,678.2,213315.91,36,0.0,29,3,0.0,1
32,80131.33,687.7,228571.35,12,10026.29,6,1,0.1251,1
49,35608.58,543.1,107633.15,24,10769.02,9,0,0.3024,0
46,61238.34,725.0,128457.36,36,13233.72,14,4,0.2161,1
63,24689.78,623.2,23204.44,60,5688.21,21,1,0.2304,1
39,36046.03,719.0,245179.38,60,2656.61,7,3,0.0737,1
33,72745.53,584.9,103023.2,60,9941.47,24,1,0.1367,1
23,46086.5,664.2,210605.58,60,6467.37,7,1,0.1403,1
21,62598.84,678.2,229679.06,36,22408.57,11,3,0.358,1
37,53554.33,637.7,248188.23,48,7406.18,17,1,0.1383,1
62,48425.63,682.4,103678.65,48,9574.52,0,4,0.1977,1
44,70457.75,628.7,194787.07,48,29803.35,23,0,0.423,1
61,46450.12,598.1,333622.43,48,8441.92,20,0,0.1817,0
25,23288.93,778.4,337145.17,12,14449.25,25,0,0.6204,1
25,37951.4,733.9,278985.85,60,15170.48,8,1,0.3997,1
58,58267.88,589.1,226999.45,12,15851.21,12,0,0.272,0
25,55932.64,695.5,119591.49,36,12315.9,27,1,0.2202,1
23,26494.13,590.6,257489.73,36,11550.73,2,0,0.436,0
39,39134.86,555.2,187358.3,60,10802.67,15,3,0.276,0
62,41274.18,732.7,244842.26,12,5392.05,15,0,0.1306,1
52,44517.96,513.7,149372.52,36,12604.15,13,4,0.2831,0
25,29361.3,724.1,186165.35,24,26229.17,13,4,0.8933,0
58,40574.43,629.8,213131.79,12,19685.46,23,3,0.4852,1
58,39070.84,633.1,219702.25,24,12431.34,6,3,0.3182,0
57,61573.0,682.8,239497.82,36,16846.64,27,3,0.2736,1
61,62136.82,696.5,153664.4,60,3046.59,27,4,0.049,1
31,47812.84,583.9,92537.24,24,7915.9,5,2,0.1656,0
65,44119.4,707.4,329982.8,60,17582.8,30,3,0.3985,1
35,52098.86,659.1,399140.33,48,21897.34,8,2,0.4203,0
57,37751.37,549.5,235793.66,60,3833.07,1,3,0.1015,0
47,32797.52,636.4,94080.63,60,6131.29,12,1,0.1869,0
56,35896.68,760.5,138144.39,48,27451.01,24,0,0.7647,1
49,40477.8,784.1,240729.41,48,10770.09,26,4,0.2661,1
49,32547.89,707.4,307289.25,12,24586.9,20,3,0.7554,0
48,52430.89,554.8,102968.75,48,11654.86,25,3,0.2223,0
56,60945.74,689.2,190053.37,12,11969.44,8,1,0.1964,1
54,26193.53,718.1,215674.57,48,7556.07,27,3,0.2885,1
27,50376.93,708.1,269166.28,48,17540.44,19,2,0.3482,1
58,46700.96,712.8,172511.91,48,20862.22,4,0,0.4467,1
45,55122.63,679.1,74894.82,48,1719.98,3,4,0.0312,1
35,49805.92,644.2,249695.8,24,7180.4,8,4,0.1442,0
44,28196.01,601.3,289983.68,24,17320.63,2,4,0.6143,0
64,31064.16,498.2,193392.68,36,8963.61,8,2,0.2886,0
59,50441.35,677.2,232419.21,36,6052.92,30,1,0.12,1
58,65431.71,664.9,162040.7,24,18076.34,7,0,0.2763,1
41,16787.19,694.6,132338.18,36,18827.63,19,3,1.1215,0
56,55185.9,543.0,282114.05,36,6402.86,30,4,0.116,0
38,67844.33,701.6,230999.67,24,11698.93,7,0,0.1724,1
51,47704.61,814.4,239229.49,48,332.2,21,3,0.007,1
49,58253.04,656.3,320169.21,24,2836.15,13,0,0.0487,1
32,39453.96,645.1,115612.61,24,10993.32,8,3,0.2786,0
32,48209.51,674.7,155837.9,36,10251.25,29,0,0.2126,1
23,25686.3,812.6,212634.67,12,2264.99,20,4,0.0882,1
27,15000.0,568.1,154854.94,48,4272.21,13,0,0.2848,0
40,64141.49,666.3,262650.92,48,1479.65,25,2,0.0231,1
42,35225.08,586.0,185008.06,60,13640.48,27,3,0.3872,0
28,43167.08,606.2,120597.38,24,0.0,24,4,0.0,1
39,29203.37,646.0,205261.73,36,1907.38,26,1,0.0653,1
48,28850.45,757.8,213627.1,36,0.0,9,4,0.0,1
31,47392.43,794.1,274774.57,48,13352.16,10,0,0.2817,1
36,39056.34,685.9,231451.27,48,0.0,7,2,0.0,1
37,55669.56,619.9,236891.71,60,10253.83,21,4,0.1842,1
43,56788.08,849.4,225623.33,60,23116.19,24,1,0.4071,1
37,54812.74,615.8,184942.2,12,23387.47,20,2,0.4267,0
54,53579.01,604.3,142702.47,24,0.0,18,2,0.0,1
35,73666.52,508.0,223107.07,48,12387.28,23,1,0.1682,0
40,33986.09,761.7,173350.02,36,2088.23,5,3,0.0614,1
38,49175.98,727.5,335185.81,36,454.91,11,2,0.0093,1
29,66990.35,843.4,307374.58,12,9092.24,21,3,0.1357,1
51,68968.1,538.8,250627.13,36,19826.33,1,2,0.2875,0
31,28673.55,766.7,230277.36,48,14797.27,28,4,0.5161,1
34,45314.67,655.6,192963.28,12,4278.87,5,2,0.0944,1
56,70371.82,714.5,99110.1,36,15640.27,24,3,0.2223,1
63,57621.19,518.2,182706.22,60,0.0,19,3,0.0,0
51,52928.95,767.4,208112.0,36,3976.43,26,4,0.0751,1
62,46734.73,712.9,218356.52,60,3408.87,24,4,0.0729,1
59,44242.99,646.9,237562.91,24,10626.57,15,1,0.2402,1
42,54323.29,701.6,273706.42,12,8377.38,23,1,0.1542,1
55,46214.39,588.8,144627.67,48,8868.23,10,1,0.1919,0
35,49361.32,603.6,145353.95,24,8602.24,18,2,0.1743,0
41,51178.98,612.9,316068.53,12,10179.26,28,2,0.1989,0
45,39828.93,501.8,261678.53,12,14321.05,2,0,0.3596,0
64,57981.94,718.9,168738.32,60,11194.65,11,4,0.1931,1
59,93713.67,745.3,191423.11,48,7725.19,0,4,0.0824,1
43,23345.2,593.9,191782.88,24,13213.99,16,3,0.566,0
50,54860.19,677.9,202525.93,36,16608.99,24,1,0.3028,1
30,38597.15,628.8,237814.65,24,5551.79,1,4,0.1438,0
57,58661.04,676.3,402799.42,12,9524.78,17,1,0.1624,1
45,50698.36,599.8,215180.52,60,19295.25,12,1,0.3806,0
44,61427.82,579.3,253007.85,60,1177.91,24,4,0.0192,1
55,67632.6,734.2,65081.86,24,24437.62,6,4,0.3613,1
49,52886.32,644.9,161208.0,24,0.0,5,2,0.0,1
24,66980.78,811.8,298305.2,60,7237.08,2,0,0.108,1
33,15000.0,653.7,232185.23,36,2398.48,12,0,0.1599,1
28,73856.78,575.9,20000.0,24,27503.42,15,4,0.3724,1
54,55625.93,748.2,253921.86,24,5973.2,28,1,0.1074,1
22,66167.65,700.5,353453.15,36,5993.27,14,3,0.0906,1
30,31701.86,708.1,40327.39,36,7034.01,5,1,0.2219,1
47,37538.45,745.2,321551.01,12,10764.82,21,2,0.2868,1
52,52189.07,597.8,20000.0,36,7372.47,1,4,0.1413,0
43,49744.43,639.8,275039.92,36,8936.91,10,2,0.1797,0
59,54246.03,636.3,199308.11,24,0.0,20,2,0.0,1
62,66267.73,546.7,20000.0,24,10457.28,7,2,0.1578,0
26,23521.7,628.9,235691.03,36,10142.45,18,1,0.4312,0
63,64607.29,756.9,292067.18,24,18308.55,14,2,0.2834,1
48,50124.23,669.0,229110.96,60,20472.49,29,2,0.4084,1
49,46943.27,542.3,246786.21,36,8498.34,8,0,0.181,0
25,27933.27,525.5,167065.91,36,16529.83,28,2,0.5918,0
48,57545.73,783.2,51088.82,24,1187.45,19,3,0.0206,1
53,15000.0,642.8,255349.12,60,16138.74,23,0,1.0759,0
47,59725.91,598.2,339980.31,12,5420.19,5,4,0.0908,0
24,27618.41,628.1,290366.47,36,522.42,0,4,0.0189,0
44,50801.87,531.8,40969.93,12,8515.29,22,3,0.1676,0
63,48212.47,763.8,78808.45,48,21203.78,14,0,0.4398,1
53,67543.07,618.6,132322.58,24,11448.04,9,2,0.1695,1
27,47320.17,759.4,72561.96,24,21971.91,27,4,0.4643,1
64,39587.92,654.1,203535.19,12,4010.14,10,0,0.1013,1
64,42400.96,764.4,231473.26,48,18382.81,13,3,0.4335,1
28,69093.24,670.5,85579.74,24,4782.72,22,4,0.0692,1
57,58044.45,718.3,262170.28,24,11802.63,29,0,0.2033,1
39,44215.55,707.5,248088.32,60,11733.46,27,1,0.2654,1
47,46453.3,699.9,156147.27,12,15291.93,20,3,0.3292,1
41,26492.34,677.8,186198.24,36,12005.92,3,4,0.4532,0
56,55827.11,631.4,44015.91,12,4086.52,3,3,0.0732,1
65,23602.76,803.2,173419.03,12,17042.46,21,2,0.7221,1
56,61276.95,577.4,200590.8,12,23853.25,15,3,0.3893,0
62,51929.32,650.3,213499.81,12,5329.57,4,2,0.1026,1
63,85804.28,651.2,230310.15,60,0.0,21,2,0.0,1
25,33497.97,682.2,219539.34,36,13994.56,29,3,0.4178,1
32,48460.07,615.6,178852.5,60,7350.56,2,0,0.1517,0
53,76974.32,675.2,222895.6,24,8951.18,25,1,0.1163,1
47,67870.84,636.5,280162.56,48,14449.42,10,0,0.2129,1
23,39556.82,523.4,192360.15,12,6348.86,12,3,0.1605,0
25,53359.51,650.8,225407.59,12,7849.18,22,3,0.1471,1
44,50029.99,562.0,185106.31,12,9199.04,7,0,0.1839,0
48,54229.34,511.2,148259.29,60,21758.03,4,0,0.4012,0
28,39519.79,660.9,241830.37,48,10240.56,29,1,0.2591,1
28,48660.19,689.0,155581.92,48,114.61,10,1,0.0024,1
26,26029.21,692.1,230891.75,60,432.97,5,2,0.0166,1
46,52026.85,695.4,202260.43,24,11113.84,21,2,0.2136,1
21,56750.31,495.4,175685.23,48,964.58,6,1,0.017,0
46,46588.71,541.1,173748.57,36,0.0,24,0,0.0,0
42,25774.24,807.9,159350.32,36,15084.29,2,3,0.5852,1
41,64827.98,566.2,68335.91,48,15475.99,16,3,0.2387,0
51,55467.88,698.9,230631.61,36,7054.91,12,3,0.1272,1
44,39109.77,595.0,218523.75,12,12349.27,29,4,0.3158,0
53,45790.99,656.4,267973.62,12,11504.97,16,4,0.2512,1
55,27489.96,599.3,157483.45,36,14819.36,28,4,0.5391,0
62,34618.85,694.9,351630.69,36,14838.0,7,3,0.4286,1
56,41932.83,660.9,169621.12,48,0.0,14,0,0.0,1
44,68426.31,614.1,129991.23,36,8076.01,25,1,0.118,1
43,40407.45,566.0,120505.21,12,14143.23,4,2,0.35,0
31,59603.2,671.4,61286.21,24,6716.35,28,3,0.1127,1
47,41925.26,553.0,322610.23,36,10289.62,23,4,0.2454,0
27,53719.21,684.2,309685.39,60,16005.6,20,3,0.2979,1
62,47879.07,850.0,248059.61,36,10647.4,7,1,0.2224,1
59,63095.85,758.0,128312.9,48,22063.36,25,3,0.3497,1
26,41977.83,707.5,344901.41,48,19015.89,26,3,0.453,1
56,26412.08,643.2,171862.47,24,9051.49,9,3,0.3427,0
26,29270.76,494.9,178477.93,60,8415.63,18,2,0.2875,0
53,42021.84,544.2,314980.73,48,0.0,1,3,0.0,0
24,31264.1,752.6,252712.85,60,7387.98,12,1,0.2363,1
42,56153.18,586.8,376088.25,48,0.0,4,1,0.0,0
50,43013.48,594.1,219897.78,48,11769.84,17,1,0.2736,1
53,85619.1,636.7,168237.54,12,11222.97,17,1,0.1311,1
39,23934.28,565.0,151055.61,36,15566.85,16,3,0.6504,0
62,53054.5,551.9,52240.31,12,21173.36,20,1,0.3991,0
55,33080.7,646.0,177712.34,48,9789.84,28,0,0.2959,1
30,42598.98,578.7,291567.47,48,28243.33,6,0,0.663,0
51,52121.29,590.7,247906.73,36,11859.61,6,4,0.2275,0
53,15119.43,587.5,201624.64,24,0.0,6,2,0.0,0
36,53552.39,691.8,120405.24,12,5503.42,28,2,0.1028,1
54,78543.61,631.4,218149.84,48,7018.03,2,4,0.0894,1
61,43198.43,635.7,281025.1,48,14737.02,0,0,0.3411,0
57,53897.12,697.8,234457.54,36,2422.0,4,4,0.0449,1
55,65373.83,638.6,213338.81,48,7616.19,23,3,0.1165,1
49,47540.7,627.7,136243.39,48,8711.68,17,3,0.1832,1
33,41285.6,687.6,269374.55,36,6415.03,28,2,0.1554,1
56,15863.95,703.5,20000.0,12,16491.32,6,3,1.0395,0
37,59614.86,638.2,230627.66,60,15130.57,12,1,0.2538,1
44,48302.47,656.4,405625.76,36,19332.54,17,1,0.4002,0
35,34809.74,587.5,79330.13,48,7351.8,2,4,0.2112,0
35,51898.95,581.1,180690.44,60,19620.22,28,1,0.378,0
28,41244.79,711.5,199367.12,24,0.0,24,3,0.0,1
64,42073.61,685.6,162993.37,48,0.0,4,4,0.0,1
27,59094.37,686.4,282909.94,12,289.59,26,2,0.0049,1
24,29924.26,672.5,237796.08,60,10073.69,13,1,0.3366,1
63,65709.73,653.7,212184.03,12,19619.02,10,4,0.2986,1
45,29034.71,705.7,263781.8,36,5182.86,29,4,0.1785,1
40,40059.48,724.8,201340.06,24,6186.45,16,2,0.1544,1
54,78844.19,722.9,454389.16,12,8271.86,7,0,0.1049,1
38,66910.32,641.9,212107.75,36,14582.62,25,2,0.2179,1
26,51464.06,761.0,215622.57,60,6179.0,22,2,0.1201,1
53,35892.05,668.3,63162.56,12,5732.66,5,0,0.1597,1
28,42060.92,700.6,156523.97,24,0.0,20,2,0.0,1
45,51099.13,672.6,291790.21,12,5426.23,19,0,0.1062,1
63,50562.85,669.8,93163.45,12,19419.69,8,3,0.3841,1
63,48636.94,591.1,27395.43,24,10727.41,13,2,0.2206,1
37,49537.51,706.1,202585.24,36,4081.16,26,3,0.0824,1
56,46784.37,850.0,309659.56,48,19889.15,5,2,0.4251,1
48,28370.32,620.0,203390.5,48,5318.29,22,3,0.1875,0
42,42252.34,655.7,173110.03,48,21359.64,25,3,0.5055,0
27,63719.36,614.3,51320.96,48,21228.86,29,0,0.3332,1
37,29474.99,611.0,236180.33,24,10448.09,10,2,0.3545,0
50,47156.67,773.6,252902.01,60,0.0,8,3,0.0,1
65,37703.69,596.2,57461.4,12,28316.0,28,2,0.751,0
21,51670.26,612.1,290762.6,48,13098.21,14,1,0.2535,0
53,44170.5,523.0,261255.64,12,7408.9,17,4,0.1677,0
59,72160.9,589.4,290585.28,48,17649.02,15,0,0.2446,1
63,57598.75,513.3,246682.01,12,15618.42,15,4,0.2712,0
40,30322.95,700.5,252294.62,24,20487.51,19,3,0.6756,0
26,60068.42,850.0,241657.67,24,4701.22,13,1,0.0783,1
33,38380.22,620.7,269477.79,48,12547.79,12,0,0.3269,0
59,41345.05,516.7,54499.38,12,513.04,12,4,0.0124,0
60,54707.29,722.0,79915.25,24,15330.68,20,2,0.2802,1
49,42623.79,591.8,141119.37,24,9816.44,25,4,0.2303,0
26,63392.84,753.9,189614.39,48,12248.07,17,4,0.1932,1
26,38382.35,627.4,231050.95,60,8829.2,21,0,0.23,0
42,40715.8,599.5,225974.53,48,7992.09,12,3,0.1963,0
47,40154.44,635.8,289368.46,36,3054.15,23,1,0.0761,1
22,41515.42,710.6,291879.62,24,16323.44,12,4,0.3932,1
51,66487.87,631.8,130209.19,60,21917.63,13,1,0.3296,1
45,59431.94,610.3,219086.09,12,5546.65,1,0,0.0933,0
21,75649.16,634.1,132173.48,12,14428.32,8,3,0.1907,1
25,84014.66,548.3,184940.24,24,13457.47,22,2,0.1602,0
41,34539.24,681.8,225743.31,24,10064.78,2,2,0.2914,0
53,51056.29,507.1,20000.0,36,0.0,6,1,0.0,0
58,32357.0,614.5,392899.52,60,0.0,24,2,0.0,0
40,38335.91,710.8,245312.69,48,3752.14,27,4,0.0979,1
34,40548.76,674.2,152343.74,24,0.0,12,3,0.0,1
64,34142.68,697.2,354189.58,24,21264.25,12,4,0.6228,0
41,34221.69,644.8,172205.51,48,12941.63,15,1,0.3782,0
35,47835.73,743.6,210601.55,24,9760.31,23,4,0.204,1
40,31749.22,724.0,161030.74,60,0.0,14,1,0.0,1
21,62631.9,685.7,332159.35,36,0.0,5,4,0.0,1
34,36233.7,724.2,191601.22,36,9981.27,13,4,0.2755,1
44,92143.53,710.0,211958.73,60,25763.92,7,0,0.2796,1
62,43229.23,614.8,296302.57,24,4410.85,21,4,0.102,1
54,51080.26,542.5,246811.16,36,16910.38,4,3,0.3311,0
56,30569.88,683.6,195652.15,36,6160.78,18,3,0.2015,1
45,75591.38,693.7,288831.28,24,10441.91,4,2,0.1381,1
25,66792.51,737.2,403078.66,12,19717.47,30,1,0.2952,1
38,54453.74,575.1,225392.84,24,7232.39,19,4,0.1328,0
65,29797.96,577.5,209340.81,12,4479.16,4,0,0.1503,0
22,53160.0,686.8,213650.17,48,21344.56,29,4,0.4015,1
60,33178.53,644.3,304834.36,12,10364.46,17,1,0.3124,1
51,71935.33,499.1,152064.18,24,18729.64,18,3,0.2604,0
33,62137.92,680.0,177734.6,60,4518.01,1,2,0.0727,1
56,51431.59,501.8,77004.56,36,21253.39,5,1,0.4132,0
58,15000.0,574.4,105290.57,48,12189.02,25,1,0.8126,0
22,35248.76,758.1,158576.0,48,13478.3,14,1,0.3824,1
25,60316.42,796.0,195525.04,24,11053.03,19,4,0.1833,1
50,68193.26,552.7,341526.67,48,5956.2,30,3,0.0873,0
65,66637.55,623.6,242879.42,24,9986.54,13,3,0.1499,0
22,26119.8,653.4,127033.72,48,6459.28,11,3,0.2473,1
50,54523.28,792.5,141761.56,48,17676.37,24,2,0.3242,1
27,65232.73,610.6,309979.89,60,8375.54,2,4,0.1284,0
50,25124.97,611.8,290128.83,60,0.0,14,1,0.0,1
49,49881.43,773.9,202251.99,12,0.0,26,4,0.0,1
25,54107.64,620.0,164597.88,24,0.0,7,1,0.0,1
51,45488.53,707.8,289994.63,36,14943.77,9,1,0.3285,1
61,22217.57,531.8,120533.83,24,787.97,14,2,0.0355,0
59,45114.53,636.3,231362.43,48,12400.69,2,3,0.2749,0
22,45090.42,517.2,381812.72,60,11092.6,2,3,0.246,0
32,47778.91,565.6,216428.45,24,9482.33,7,3,0.1985,0
31,41547.93,717.1,137951.24,60,13507.24,27,0,0.3251,1
41,43354.82,646.0,232829.5,60,11266.43,6,0,0.2599,1
27,49404.41,624.5,162399.3,60,0.0,22,4,0.0,1
59,56636.82,590.1,88470.73,12,7411.0,13,4,0.1309,1
55,45433.6,632.3,256082.88,24,13400.83,23,0,0.295,0
57,43855.27,674.1,289426.75,12,23122.26,10,4,0.5272,0
29,51385.31,728.6,175127.47,12,23491.66,27,1,0.4572,1
21,21186.26,440.0,169821.15,12,0.0,11,4,0.0,0
61,57155.53,583.5,123074.77,36,7202.2,24,4,0.126,1
34,49991.55,662.7,188005.15,12,0.0,25,3,0.0,1
50,50595.4,642.1,155010.53,24,22159.08,13,0,0.438,0
61,64411.01,682.3,119117.39,60,18102.85,20,3,0.2811,1
22,20707.77,671.4,351373.51,60,12804.7,3,0,0.6184,0
21,20392.49,625.6,237319.43,60,11328.76,15,1,0.5555,0
21,54107.06,607.9,245791.61,12,21045.05,11,3,0.389,0
28,49893.25,630.4,270671.97,48,19690.6,29,0,0.3947,1
23,52552.65,741.9,261682.9,48,19264.36,28,1,0.3666,1
57,43068.09,591.4,166951.2,12,13653.44,24,3,0.317,0
48,59965.31,645.0,221804.21,60,7206.17,29,0,0.1202,1
65,63989.58,664.7,178477.56,36,16137.0,30,1,0.2522,1
57,57259.73,774.8,235077.09,60,16528.34,23,0,0.2887,1
64,46087.57,626.0,227335.27,12,8474.9,18,3,0.1839,0
31,18384.66,726.7,169387.18,48,7190.01,6,0,0.3911,1
33,61538.54,748.6,93656.1,12,19066.51,25,1,0.3098,1
59,68325.93,644.9,211698.96,60,23312.93,6,2,0.3412,0
32,59668.38,633.1,183658.44,48,4004.83,5,1,0.0671,1
23,36805.36,623.7,48770.22,12,7892.99,27,1,0.2145,1
51,60106.92,629.5,240612.94,24,12807.46,3,4,0.2131,0
57,62907.95,718.3,277227.37,24,13892.79,4,3,0.2208,1
64,73382.24,668.5,402268.52,12,5821.07,15,0,0.0793,1
62,36858.35,668.8,168704.2,12,25068.17,18,4,0.6801,0
26,46603.18,560.0,156903.05,60,13376.76,1,2,0.287,0
55,61209.08,572.6,111246.32,60,14251.07,11,0,0.2328,0
59,50861.15,821.5,216691.35,36,24071.07,6,4,0.4733,1
52,33240.09,635.8,216185.45,60,6407.51,9,1,0.1928,1
57,56219.24,588.0,135096.29,48,9292.54,5,1,0.1653,0
58,58679.92,764.5,186005.61,12,0.0,20,0,0.0,1
41,51319.44,672.5,41706.75,48,8621.2,14,4,0.168,1
22,53293.77,696.3,274110.14,12,0.0,29,1,0.0,1
41,46119.41,639.0,138345.66,60,15982.79,0,2,0.3466,1
30,72174.18,624.5,197227.49,24,13359.97,24,1,0.1851,1
26,36489.62,636.4,85864.53,12,7783.45,28,4,0.2133,1
26,41190.19,539.4,153411.71,24,9196.61,15,3,0.2233,0
52,50164.78,643.0,177632.71,48,16091.73,21,2,0.3208,1
43,63184.31,673.7,199096.73,60,913.63,13,1,0.0145,1
45,27539.4,798.0,238378.6,36,11633.34,18,3,0.4224,1
54,30345.55,656.9,315126.01,12,15596.08,28,2,0.5139,0
45,19434.07,463.3,258616.88,60,0.0,16,4,0.0,0
49,50490.43,642.5,276973.16,48,15479.5,17,3,0.3066,0
24,33225.41,850.0,315688.33,36,0.0,30,0,0.0,1
59,44231.75,719.3,245576.63,36,9059.24,15,4,0.2048,1
41,59920.67,585.1,197063.42,60,692.87,5,0,0.0116,0
27,40376.86,697.3,280728.95,24,21449.97,21,1,0.5312,0
57,53469.23,590.6,285840.74,12,743.03,21,2,0.0139,1
54,45509.93,541.7,251885.27,12,0.0,7,1,0.0,0
23,60081.71,622.1,83629.79,48,11066.82,22,4,0.1842,1
29,57126.92,657.3,132683.19,60,6690.38,1,4,0.1171,1
21,39620.99,500.2,178011.67,48,0.0,9,0,0.0,0
33,47470.22,558.1,262369.68,48,14206.52,26,1,0.2993,0
25,65656.15,650.8,198292.29,24,0.0,19,1,0.0,1
52,55900.65,617.3,290949.49,36,1710.07,18,3,0.0306,1
44,29045.57,681.6,305218.93,12,5398.25,19,2,0.1859,1
65,59834.27,552.8,295933.64,24,16417.78,5,3,0.2744,0
54,33730.84,707.1,296443.25,48,20363.75,29,0,0.6037,1
48,71187.7,555.3,117040.49,60,18822.26,9,2,0.2644,0
43,65361.48,781.4,238610.84,60,8773.81,24,1,0.1342,1
23,54348.28,512.7,151397.68,60,0.0,30,1,0.0,1
24,52358.49,562.6,68074.69,12,13126.82,7,3,0.2507,0
48,46864.52,683.4,177002.31,60,21764.59,19,0,0.4644,1
21,60177.86,783.1,305978.96,24,19870.32,1,0,0.3302,1
22,44438.33,675.2,236859.36,48,13703.59,19,2,0.3084,1
30,53533.55,695.0,361424.75,60,483.98,13,3,0.009,1
60,63079.02,651.4,214178.41,60,5797.54,2,2,0.0919,0
41,41572.9,567.9,395824.22,48,25470.52,20,0,0.6127,0
52,40757.11,610.8,214201.7,24,0.0,30,3,0.0,1
39,32084.52,553.0,201798.42,36,817.27,2,1,0.0255,0
28,34032.91,547.7,97648.79,48,17540.41,27,3,0.5154,0
37,22574.07,682.1,288845.02,36,6550.73,26,1,0.2902,1
25,60947.43,560.1,159829.99,36,545.96,16,4,0.009,1
55,77133.72,675.6,148236.19,36,22223.77,27,1,0.2881,1
29,71379.93,545.9,302498.45,36,13688.45,9,4,0.1918,0
37,25608.73,673.7,292657.81,12,6945.59,22,1,0.2712,1
65,60872.82,610.9,290564.11,60,833.8,21,3,0.0137,1
47,71331.6,762.5,171024.71,12,26379.25,17,2,0.3698,1
41,43147.85,675.9,195921.93,60,9804.39,25,0,0.2272,1
45,51521.71,748.9,195211.65,12,21178.62,27,0,0.4111,1
56,19881.6,589.5,262601.45,36,17149.07,24,2,0.8626,0
32,54001.04,654.5,324285.17,36,5832.79,18,0,0.108,1
49,34046.6,571.5,229451.72,36,5896.47,30,3,0.1732,0
60,52994.53,616.9,357991.29,36,21570.52,17,0,0.407,0
46,26581.96,629.0,271775.55,60,21700.14,19,2,0.8163,0
41,58142.87,591.9,181216.05,12,0.0,5,1,0.0,1
27,65367.69,552.8,266296.91,60,14398.24,9,0,0.2203,0
32,38252.3,536.9,336475.22,48,9030.28,28,1,0.2361,0
63,32946.16,462.8,359863.12,48,1733.41,15,2,0.0526,0
45,17659.65,565.5,294951.31,12,12093.97,15,1,0.6848,0
34,46003.8,700.2,202053.96,12,0.0,25,1,0.0,1
39,41276.09,522.1,182664.54,24,6268.36,10,1,0.1519,0
47,26734.71,540.6,246085.56,24,3612.21,8,1,0.1351,0
45,56795.28,793.3,333917.96,48,6001.67,0,2,0.1057,1
52,43250.44,599.1,234701.53,60,9428.17,7,4,0.218,0
32,33863.96,675.7,236362.55,36,1875.47,15,2,0.0554,1
50,41681.41,701.4,204111.83,48,22585.43,22,2,0.5419,1
40,66069.57,703.0,173768.71,12,13946.27,10,3,0.2111,1
63,59044.05,528.2,187029.24,48,24356.5,13,2,0.4125,0
28,48049.61,631.5,210834.08,12,8719.36,6,4,0.1815,0
27,59286.58,520.5,337448.0,48,5609.68,25,2,0.0946,0
41,32586.32,845.7,180822.9,24,24067.32,16,1,0.7386,1
43,50485.55,522.4,204208.97,36,5375.52,4,2,0.1065,0
52,52209.83,566.2,130769.79,24,8573.66,18,3,0.1642,0
39,42952.45,566.8,257330.49,36,15760.38,10,1,0.3669,0
62,56531.88,530.3,309334.33,60,98.19,26,1,0.0017,0
42,38293.5,758.2,329959.83,60,15690.36,8,2,0.4097,1
26,57647.31,843.8,216269.16,24,14666.78,26,4,0.2544,1
26,58277.88,611.9,245948.34,24,20154.6,21,1,0.3458,1
64,15000.0,544.4,187715.97,36,17120.36,4,2,1.1414,0
27,67854.59,471.0,242241.49,48,20399.83,23,3,0.3006,0
63,15000.0,630.5,225117.21,12,9116.62,22,3,0.6078,0
33,40759.26,624.7,204661.15,48,3098.64,14,0,0.076,1
25,65380.22,597.9,211020.3,60,26879.88,4,1,0.4111,0
34,45240.7,667.7,236153.78,60,0.0,14,4,0.0,1
48,28007.21,681.6,176467.81,36,0.0,18,4,0.0,1
40,33593.94,675.8,180600.26,24,14521.02,4,3,0.4323,0
56,65403.59,624.7,336588.96,24,22999.89,10,0,0.3517,0
48,21177.43,561.9,416843.74,48,11516.41,21,2,0.5438,0
39,66934.87,703.3,103650.64,36,17994.43,17,0,0.2688,1
49,49173.47,651.0,99242.3,12,0.0,30,1,0.0,1
64,32114.07,721.1,123427.77,48,6003.64,6,4,0.1869,1
39,41253.27,713.2,191736.93,12,0.0,24,1,0.0,1
27,34741.63,536.3,271662.44,60,16243.29,13,0,0.4675,0
39,62993.38,535.3,247300.24,36,0.0,6,3,0.0,0
58,60986.42,589.6,213762.49,24,0.0,29,3,0.0,1
30,24212.58,565.5,242314.84,12,14112.2,19,3,0.5828,0
63,43946.12,710.4,144633.11,12,18494.59,16,4,0.4208,1
47,37052.22,678.1,180470.18,60,8728.26,9,3,0.2356,1
48,69402.65,737.9,198392.44,36,14561.38,27,3,0.2098,1
35,29748.51,681.7,73262.69,60,14302.31,0,4,0.4808,0
62,74063.44,666.7,107095.18,60,8276.59,3,1,0.1117,1
22,49500.58,746.0,110274.72,12,1242.36,5,2,0.0251,1
34,32570.98,687.6,261128.66,24,14519.13,20,2,0.4458,1
39,39840.89,655.4,219628.4,60,14904.77,3,3,0.3741,0
42,37975.72,768.4,248884.9,36,17152.2,24,2,0.4517,1
42,30880.72,659.2,52827.6,36,12496.53,6,2,0.4047,0
27,51422.4,625.7,81314.67,36,652.0,20,0,0.0127,1
31,31581.27,583.0,253057.24,48,15522.72,24,3,0.4915,0
25,17294.51,706.2,20000.0,60,9988.95,27,0,0.5776,1
46,44304.85,749.0,297970.35,60,6138.1,9,2,0.1385,1
36,22957.16,646.0,54134.63,48,7642.91,2,2,0.3329,0
46,38717.59,754.6,267467.59,36,4477.94,23,3,0.1157,1
47,36363.46,492.4,128913.23,24,17110.75,13,2,0.4705,0
52,36931.76,645.6,283912.3,12,0.0,29,0,0.0,1
45,80014.45,646.8,456652.87,48,2052.11,5,2,0.0256,1
50,50846.17,591.8,20000.0,12,7369.82,17,1,0.1449,1
47,53680.57,840.7,255630.17,48,22910.01,3,1,0.4268,1
50,23354.03,644.7,55346.98,36,18434.24,15,1,0.7893,0
48,40190.55,617.4,234141.51,48,0.0,0,0,0.0,1
35,53229.54,652.1,183458.23,60,20810.78,23,4,0.391,1
32,34632.07,489.8,210382.59,36,20795.36,18,1,0.6005,0
56,63620.94,589.2,127065.1,36,607.93,3,2,0.0096,0
36,31959.55,728.7,262443.29,36,0.0,15,4,0.0,1
45,45704.51,599.7,84131.37,24,9422.23,13,1,0.2062,0
29,41209.23,583.7,299330.98,12,18979.4,20,4,0.4606,0
40,52464.81,754.8,167259.98,12,22730.1,15,2,0.4332,1
44,40392.65,757.2,87784.75,48,3033.38,14,4,0.0751,1
49,45936.6,691.4,327594.95,60,24015.83,25,2,0.5228,1
44,46458.05,613.6,194612.59,12,0.0,16,0,0.0,1
37,38984.18,630.8,352610.88,24,7055.6,25,4,0.181,0
64,57276.41,585.7,297708.49,48,6662.31,27,4,0.1163,0
44,53575.83,570.4,136148.34,48,19218.7,26,4,0.3587,0
57,48670.79,566.4,193200.82,48,20386.42,29,0,0.4189,0
54,43543.12,600.6,209683.04,48,17633.79,21,4,0.405,0
46,61948.16,567.2,322104.26,12,0.0,17,1,0.0,1
60,46462.49,524.9,235001.42,24,16900.95,16,4,0.3638,0
26,45399.54,667.6,214103.41,36,14072.34,6,4,0.31,1
62,51570.35,668.8,184009.63,12,0.0,25,0,0.0,1
59,75448.8,786.1,195955.44,24,0.0,21,1,0.0,1
43,29894.66,596.5,304367.37,24,18303.91,27,1,0.6123,0
54,61547.85,673.7,200296.43,60,8559.21,21,1,0.1391,1
44,21602.43,675.0,168400.22,24,0.0,14,2,0.0,1
33,53259.1,629.7,154839.43,60,8334.62,9,2,0.1565,1
56,73626.24,709.5,155698.79,48,12912.33,30,3,0.1754,1
32,57330.03,712.0,87832.32,48,9337.19,22,3,0.1629,1
35,52559.38,676.2,139969.98,60,0.0,27,1,0.0,1
44,41593.26,629.5,319873.62,60,25084.46,18,0,0.6031,0
58,50465.71,621.4,183472.06,24,18033.74,15,3,0.3573,1
38,46219.06,540.6,256352.93,36,7316.98,1,0,0.1583,0
43,38210.35,585.5,20000.0,36,7639.24,2,0,0.1999,0
22,45651.87,600.2,245464.9,60,12875.9,21,3,0.282,0
26,52975.72,560.1,187091.78,12,963.03,6,1,0.0182,0
23,38491.74,685.2,161484.8,36,12581.41,2,0,0.3269,0
24,37905.77,745.7,214476.8,24,0.0,24,1,0.0,1
60,29596.35,577.4,160333.98,24,9435.73,19,2,0.3188,0
58,55860.88,672.7,30090.01,48,651.43,3,4,0.0117,1
57,58179.85,567.3,273779.84,24,1055.33,15,4,0.0181,0
23,53474.91,625.6,219441.4,48,23165.78,14,3,0.4332,0
24,64477.56,594.8,174884.6,60,10473.81,0,4,0.1624,0
33,51318.01,698.2,122705.17,48,11659.25,18,2,0.2272,1
46,55880.16,595.7,82411.4,12,0.0,12,2,0.0,0
36,54557.56,730.9,217911.42,12,5223.99,27,4,0.0958,1
42,48626.9,630.3,329075.28,36,13689.7,3,1,0.2815,0
28,42037.67,598.0,216253.32,36,11553.09,26,4,0.2748,0
53,83212.29,549.7,89379.07,48,0.0,0,4,0.0,0
35,43220.74,670.3,218009.34,36,11657.1,23,1,0.2697,1
23,40011.83,721.6,195732.56,12,12932.47,24,3,0.3232,1
54,56510.15,671.9,269123.49,60,20270.1,12,3,0.3587,1
61,53777.82,829.1,248538.65,60,4758.15,8,3,0.0885,1
21,28928.13,764.4,20000.0,48,0.0,4,1,0.0,1
40,66840.17,625.4,243619.38,48,2025.83,10,4,0.0303,1
58,48587.08,624.6,119721.65,60,1223.48,20,2,0.0252,1
52,33336.03,687.6,86261.7,36,15893.67,22,0,0.4768,1
59,67831.76,583.0,184922.13,12,0.0,5,0,0.0,0
39,59385.13,743.3,232877.69,48,6413.15,0,3,0.108,1
37,31031.87,678.9,68741.23,36,21406.36,17,2,0.6898,0
52,76657.74,670.5,256366.11,48,10057.7,18,0,0.1312,1
27,59881.96,705.0,261067.11,48,17170.53,30,2,0.2867,1
31,49847.06,787.8,203758.1,36,0.0,23,2,0.0,1
48,73853.28,663.7,130590.11,24,0.0,17,0,0.0,1
51,52389.47,641.0,121649.76,36,21497.94,18,1,0.4103,1
26,49578.75,770.7,282074.57,48,10809.72,20,2,0.218,1
43,40095.5,727.4,79102.19,48,10826.19,14,3,0.27,1
37,58727.76,624.3,285157.64,36,1054.78,21,3,0.018,1
43,57149.04,650.4,186784.07,36,10806.25,6,0,0.1891,1
64,50220.2,665.6,192333.24,60,832.5,25,3,0.0166,1
24,38150.2,678.9,63352.98,24,19494.96,26,4,0.511,1
65,51948.95,541.5,188262.67,12,31822.65,13,0,0.6126,0
41,48953.02,526.6,249086.84,48,13871.53,14,4,0.2834,0
55,29997.89,579.0,93087.19,60,4920.43,15,0,0.164,0
40,27922.81,572.8,239890.87,48,0.0,25,3,0.0,0
34,58477.3,598.5,207120.98,36,0.0,5,1,0.0,0
55,15000.0,700.8,148499.55,24,22438.89,10,3,1.4959,0
51,53081.16,636.5,268373.85,36,1766.47,19,4,0.0333,0
27,42828.75,665.7,23819.46,12,7033.32,21,4,0.1642,1
52,69623.7,552.1,227734.46,36,15242.61,9,4,0.2189,0
54,42597.98,613.1,329554.81,24,21858.32,3,4,0.5131,0
38,59892.26,697.0,315195.45,24,8403.3,15,1,0.1403,1
62,44046.29,697.6,231184.54,36,6762.67,19,2,0.1535,1
49,51706.22,592.0,175865.54,60,10572.97,23,3,0.2045,0
36,61052.55,662.9,149135.8,24,4978.9,0,0,0.0816,1
21,43061.66,825.9,175765.94,60,5409.45,0,2,0.1256,1
51,64948.32,648.6,243504.58,36,13295.04,11,2,0.2047,1
30,35094.53,594.5,135420.5,60,11482.33,17,4,0.3272,0
55,54418.89,636.1,260593.91,24,27052.84,0,0,0.4971,0
44,63839.6,657.4,370652.84,60,13510.79,5,0,0.2116,1
42,59900.56,637.9,195049.34,48,19209.16,12,0,0.3207,1
28,78746.67,647.5,92448.42,48,1429.72,8,2,0.0182,1
53,38548.41,534.5,92420.42,36,14201.26,22,2,0.3684,0
28,29312.76,573.0,262125.24,36,4216.15,1,2,0.1438,0
39,35084.97,638.1,195220.31,36,13163.63,27,1,0.3752,1
58,59906.64,636.8,270146.47,60,15508.12,5,1,0.2589,0
62,57468.84,604.7,157309.26,48,10398.95,13,2,0.1809,1
65,51533.85,635.8,266449.88,12,29258.61,30,0,0.5678,0
64,33155.64,654.9,187336.07,48,21423.84,20,3,0.6462,0
46,61503.01,721.2,141399.68,60,19417.96,30,0,0.3157,1
30,31629.43,642.1,167920.12,48,16114.29,0,3,0.5095,0
58,67384.24,681.9,104235.65,36,24106.89,22,2,0.3578,1
57,92861.58,606.7,359148.76,24,0.0,2,4,0.0,0
65,55496.77,695.8,192289.45,48,20962.26,18,3,0.3777,1
50,58746.62,680.1,251561.13,48,2070.05,10,2,0.0352,1
27,42607.1,719.3,157050.47,24,5485.29,24,3,0.1287,1
43,22846.8,707.1,115845.77,36,14491.14,3,0,0.6343,0
41,40959.21,697.1,181289.56,24,19865.76,27,0,0.485,1
58,33606.57,642.1,288095.4,12,771.39,14,2,0.023,1
38,28294.93,669.6,158341.46,12,5899.64,16,4,0.2085,1
35,75835.4,735.1,130357.44,12,10780.26,17,4,0.1422,1
24,54092.94,597.8,212437.14,36,8509.07,1,1,0.1573,0
58,55695.31,599.7,239921.81,36,16832.26,9,1,0.3022,0
54,45364.66,664.5,331427.85,36,37487.42,21,4,0.8264,0
22,47406.93,683.2,228300.04,60,13354.57,29,2,0.2817,1
40,64468.26,584.1,251519.41,24,4118.43,30,0,0.0639,1
42,49514.94,644.0,257542.02,24,0.0,16,1,0.0,1
42,57960.41,642.5,107758.77,24,7397.97,7,4,0.1276,1
62,47059.94,472.8,122933.43,24,2478.0,14,4,0.0527,0
27,44867.71,632.4,113288.3,36,13740.4,14,4,0.3062,1
34,28896.29,637.4,93428.34,24,13616.17,12,0,0.4712,0
29,20333.76,637.2,263636.79,24,6294.65,11,4,0.3096,0
31,46076.57,763.3,223204.01,48,25879.64,26,0,0.5617,1
61,50847.45,552.7,206359.69,60,4116.42,12,4,0.081,0
63,30708.05,584.0,20000.0,24,9044.55,0,4,0.2945,0
23,49482.88,441.0,364438.15,12,15113.3,22,1,0.3054,0
49,50806.29,611.5,128458.24,24,17136.44,20,0,0.3373,0
31,17659.88,618.3,364145.02,36,20220.61,11,3,1.145,0
29,36273.13,609.2,84060.68,60,13427.97,19,0,0.3702,0
34,56108.96,738.6,135007.91,12,18407.3,29,2,0.3281,1
29,55805.88,718.8,23772.05,12,4679.13,28,1,0.0838,1
43,32694.88,656.2,228970.0,36,17344.66,24,2,0.5305,0
65,52376.72,620.4,111899.45,60,17237.83,18,4,0.3291,0
47,65336.11,732.1,114159.99,36,22103.09,0,4,0.3383,1
53,61656.09,648.4,90198.86,60,0.0,15,2,0.0,1
43,48570.71,584.5,262188.41,48,2742.54,25,1,0.0565,1
21,42980.36,512.7,256917.09,12,16585.13,26,4,0.3859,0
24,40559.83,614.7,344962.71,36,0.0,23,2,0.0,1
33,57017.3,710.4,145143.47,48,13936.05,30,0,0.2444,1
31,52926.56,832.1,217505.55,36,18478.44,16,4,0.3491,1
58,59441.06,654.9,96853.18,12,5389.0,3,4,0.0907,1
58,51978.11,588.8,173196.88,12,6558.48,15,1,0.1262,1
59,62281.46,555.2,158492.37,48,1406.9,9,0,0.0226,0
49,51418.89,694.2,237156.0,36,5827.62,25,0,0.1133,1
46,61770.33,508.8,281361.74,36,6059.45,24,2,0.0981,0
50,63062.34,694.0,279285.34,24,4537.27,13,1,0.0719,1
39,37932.1,715.4,132575.02,24,4098.57,12,3,0.1081,1
51,22877.84,684.9,279877.43,48,7831.96,4,3,0.3423,0
56,73152.39,632.4,196473.19,12,7735.17,1,0,0.1057,1
55,53849.88,695.2,174032.25,36,24993.06,9,4,0.4641,1
48,24282.71,663.7,143319.08,24,6846.52,7,0,0.282,0
23,39292.71,587.8,155205.14,48,12753.2,8,0,0.3246,0
53,61578.11,798.0,339385.11,48,5384.94,30,3,0.0874,1
37,45804.85,621.9,224592.86,36,5283.23,21,3,0.1153,1
54,42319.08,712.1,213968.95,24,0.0,17,4,0.0,1
45,71013.23,456.5,179020.25,24,0.0,5,2,0.0,0
60,34290.69,752.1,395678.29,24,344.01,26,2,0.01,1
36,38027.7,767.5,304400.84,24,11469.57,19,3,0.3016,1
62,53170.8,652.4,142315.03,48,18609.39,15,3,0.35,0
59,55856.82,694.7,178110.8,12,0.0,14,3,0.0,1
35,57445.15,694.7,182860.44,12,5607.39,17,1,0.0976,1
42,63668.57,598.6,211669.76,36,0.0,26,4,0.0,1
44,52978.68,693.8,143901.92,24,7885.78,22,1,0.1488,1
55,57340.76,585.3,235105.32,60,18606.16,15,1,0.3245,0
52,46111.86,601.3,316167.05,48,6424.94,20,1,0.1393,0
59,50940.47,740.2,94909.75,48,9619.86,28,1,0.1888,1
37,51613.01,728.0,109748.26,36,21641.83,10,1,0.4193,1
43,53226.47,593.5,161347.32,36,13663.21,27,2,0.2567,0
40,61588.1,591.3,165056.36,36,3919.27,18,3,0.0636,1
61,58327.19,598.4,359877.27,12,11271.32,5,2,0.1932,0
34,50663.26,708.6,280136.74,36,3379.61,29,4,0.0667,1
47,37863.11,570.0,275545.79,60,13363.86,21,2,0.353,0
26,51015.07,678.5,178850.74,24,14122.72,11,2,0.2768,1
59,49579.73,709.7,177094.93,12,0.0,6,0,0.0,1
38,52897.72,642.9,83863.57,36,11401.2,28,4,0.2155,1
36,83097.88,730.8,262539.22,24,9059.41,25,0,0.109,1
47,42143.41,625.7,239284.37,48,14357.42,1,0,0.3407,0
43,56334.34,632.9,302879.79,60,16650.78,19,4,0.2956,0
59,66026.93,571.8,183133.62,60,13819.6,3,2,0.2093,0
44,51470.03,731.4,188657.67,24,7574.45,9,0,0.1472,1
44,85067.68,588.7,213603.64,60,17466.64,17,2,0.2053,1
25,44329.41,678.0,271351.81,12,3015.5,7,2,0.068,1
21,54861.34,644.3,82382.75,24,0.0,15,0,0.0,1
38,38017.91,565.8,258884.49,24,0.0,13,3,0.0,0
65,44727.13,601.3,198360.36,60,9438.87,18,3,0.211,0
62,53734.01,760.6,115309.02,48,3427.63,24,0,0.0638,1
49,62694.56,666.1,33231.54,24,13182.04,4,3,0.2103,1
49,54786.42,569.3,189082.1,12,0.0,24,1,0.0,1
38,68886.72,674.4,315817.04,48,4822.57,6,3,0.07,1
28,48575.52,638.3,333974.77,48,13762.16,1,1,0.2833,0
21,45017.47,850.0,228430.1,60,1761.31,13,1,0.0391,1
36,90559.78,672.8,356960.45,36,13274.05,9,2,0.1466,1
35,55913.56,619.6,196564.71,12,5543.82,5,2,0.0991,1
29,39207.78,763.6,276264.28,24,9737.53,13,1,0.2484,1
32,39586.04,502.7,163901.53,48,14761.26,26,4,0.3729,0
22,35859.8,657.5,158832.09,24,17622.38,18,3,0.4914,0
48,64048.54,809.6,145799.27,12,10739.94,22,2,0.1677,1
62,44534.34,640.7,35157.68,60,3487.92,4,1,0.0783,1
52,51910.44,511.3,302967.38,36,6335.69,2,2,0.1221,0
41,49047.37,618.3,148669.4,24,15095.64,10,0,0.3078,0
39,60972.39,766.4,135884.9,36,1829.97,24,4,0.03,1
34,37298.84,680.1,105602.27,48,8575.47,27,0,0.2299,1
27,33866.42,582.9,183651.25,12,6912.93,3,3,0.2041,0
47,53364.46,595.2,341079.38,36,9173.11,14,1,0.1719,0
46,59014.39,605.2,367502.31,24,1925.74,12,3,0.0326,0
21,54987.98,678.9,67130.65,12,0.0,23,1,0.0,1
39,37858.19,757.1,171644.16,12,14165.94,6,0,0.3742,1
33,60162.27,734.2,117251.38,36,17713.05,15,4,0.2944,1
28,38842.09,686.5,279067.02,36,0.0,26,3,0.0,1
52,42176.92,543.5,222927.48,36,12951.41,14,0,0.3071,0
44,35840.7,543.8,149074.45,48,18665.46,24,0,0.5208,0
49,69517.38,692.7,205805.85,36,14767.29,19,2,0.2124,1
53,59501.32,542.4,161806.51,36,6666.64,18,4,0.112,0
65,59074.9,632.0,329139.69,60,2452.03,8,2,0.0415,1
57,68708.17,674.3,243756.76,48,10647.82,30,0,0.155,1
48,92189.74,559.0,253585.87,60,11982.28,7,3,0.13,0
60,24361.61,568.1,20000.0,24,10766.46,28,2,0.4419,0
42,38924.35,642.5,194656.91,48,8558.92,30,3,0.2199,1
65,40757.37,690.3,366656.88,48,1338.79,15,1,0.0328,1
55,37237.71,734.9,306090.33,36,13381.51,26,0,0.3594,1
50,33836.25,698.6,52232.83,12,13766.84,22,0,0.4069,1
61,45505.2,655.9,174925.93,36,11606.58,22,3,0.2551,1
44,31750.94,590.3,103878.44,60,10887.95,2,3,0.3429,0
53,55025.64,564.3,336888.12,48,23434.0,4,1,0.4259,0
33,50775.47,609.1,219542.26,12,5004.97,2,0,0.0986,0
64,57215.43,682.8,138576.36,24,20251.48,0,3,0.354,1
49,57615.93,676.9,202732.64,36,4127.8,25,0,0.0716,1
56,59045.1,482.0,20000.0,60,18871.6,5,0,0.3196,0
41,44398.87,587.1,113203.1,36,19866.94,0,2,0.4475,0
60,81817.15,746.4,202915.5,60,7655.59,29,3,0.0936,1
24,53516.47,656.3,267654.03,48,23287.7,8,4,0.4352,0
26,22062.73,536.6,44694.87,24,13752.29,25,3,0.6233,0
43,34964.36,838.5,169507.58,12,2981.82,29,4,0.0853,1
53,23892.46,647.7,280774.86,60,7006.75,16,3,0.2933,0
57,50260.02,680.7,83883.73,36,19062.1,28,4,0.3793,1
40,48172.92,682.0,218334.63,60,17384.52,30,0,0.3609,1
50,42973.61,620.6,205277.96,60,1535.68,4,0,0.0357,0
45,80163.89,591.8,337150.43,36,8885.94,4,3,0.1108,0
64,58234.74,819.7,181589.1,12,11628.18,11,4,0.1997,1
50,60891.48,730.3,186271.95,60,5939.16,17,3,0.0975,1
39,36033.9,715.8,268396.78,36,28862.4,24,1,0.801,0
64,35012.83,696.1,93892.11,12,11869.31,5,2,0.339,1
25,50552.08,569.7,182329.34,36,9505.5,5,0,0.188,0
65,52595.11,752.2,163542.0,12,19526.81,9,1,0.3713,1
27,22155.33,582.5,188887.05,24,7078.29,8,3,0.3195,0
33,47295.39,672.7,267872.52,24,18059.42,29,0,0.3818,1
57,50211.08,518.8,244332.92,36,0.0,12,2,0.0,0
54,46772.76,486.7,140105.42,36,6370.77,26,1,0.1362,0
64,37799.14,675.5,210935.94,60,18392.56,1,2,0.4866,0
54,41906.97,585.3,319235.33,24,22561.58,3,3,0.5384,0
49,47347.11,490.9,133490.74,48,3813.63,24,4,0.0805,0
36,51362.0,693.2,211613.34,60,2881.43,7,2,0.0561,1
21,59071.87,819.6,184547.15,48,14539.57,2,4,0.2461,1
26,66212.84,761.2,194959.6,24,5015.73,18,3,0.0758,1
34,45584.78,629.4,69547.39,48,7851.38,4,4,0.1722,0
22,43157.66,650.7,312861.03,24,17011.24,1,3,0.3942,0
43,56564.84,721.0,138051.85,36,5647.18,12,2,0.0998,1
55,59162.67,739.8,282085.76,48,0.0,17,3,0.0,1
64,43486.99,622.5,150289.87,24,0.0,16,1,0.0,1
43,61855.9,652.7,149959.63,12,10079.64,18,3,0.163,1
60,64693.78,674.0,297049.86,60,0.0,0,3,0.0,1
65,69375.3,694.3,279510.77,48,7622.72,9,3,0.1099,1
59,76674.81,639.4,216693.27,12,0.0,10,0,0.0,1
41,37003.76,640.4,260892.04,24,23119.51,9,2,0.6248,0
35,50208.47,760.4,176915.78,24,27321.14,17,3,0.5442,1
65,50169.17,746.8,199330.59,60,1534.42,7,0,0.0306,1
31,48528.9,688.2,147070.05,60,12054.07,19,3,0.2484,1
39,40261.06,787.5,272325.2,48,2316.77,29,4,0.0575,1
24,27716.57,619.1,144526.93,36,7525.48,20,2,0.2715,0
56,51390.19,779.8,318812.51,12,24427.75,12,4,0.4753,1
50,38474.67,693.4,174733.27,24,6266.49,13,4,0.1629,1
24,51289.9,850.0,201640.69,12,7711.7,18,2,0.1504,1
30,38089.35,554.6,260698.24,48,2459.77,22,4,0.0646,0
45,33505.12,594.9,201909.15,12,19169.52,9,4,0.5721,0
45,53514.48,683.5,176167.33,48,0.0,1,0,0.0,1
57,52263.82,681.8,197598.12,60,6457.62,21,4,0.1236,1
32,58689.23,806.0,271505.47,24,9632.91,20,0,0.1641,1
62,82787.96,596.5,146971.82,48,4711.38,3,2,0.0569,1
41,54159.34,722.4,189901.04,60,16908.36,19,4,0.3122,1
58,57276.23,743.0,200822.94,36,19616.22,2,3,0.3425,1
31,33836.58,706.4,269166.82,36,0.0,19,1,0.0,1
22,30696.39,573.1,192012.37,24,26747.89,23,3,0.8714,0
23,73742.44,762.6,344663.93,36,0.0,0,1,0.0,1
37,36147.8,748.3,187476.91,60,20309.05,22,1,0.5618,1
63,34340.84,698.0,180985.31,48,11198.62,3,4,0.3261,1
23,49413.52,666.3,186317.43,24,5970.39,8,0,0.1208,1
37,48647.11,668.1,94668.69,36,6725.06,21,4,0.1382,1
25,36462.4,643.7,117061.85,48,9731.9,11,2,0.2669,0
62,45425.4,701.3,157546.65,12,11667.34,30,0,0.2568,1
51,68440.64,652.5,290866.39,48,2638.77,29,3,0.0386,1
55,37910.1,582.1,197349.92,24,8128.48,30,0,0.2144,0
53,29094.91,566.1,161228.46,24,3834.62,3,1,0.1318,0
50,64138.9,589.8,298122.78,36,279.6,5,1,0.0044,0
55,57384.45,667.8,324094.17,36,3461.51,5,3,0.0603,0
21,40692.22,647.8,300430.6,60,800.2,18,1,0.0197,1
59,26267.49,667.2,131752.8,24,6638.76,13,3,0.2527,0
54,38830.65,690.1,160380.11,24,13459.8,23,0,0.3466,1
54,49179.43,599.8,345098.89,24,10965.68,8,3,0.223,0
38,67485.08,767.3,219291.18,60,25794.76,6,3,0.3822,1
57,34451.27,628.6,178589.83,60,0.0,20,1,0.0,1
38,48732.2,615.3,257467.84,36,13754.73,19,4,0.2823,0
23,60127.17,688.6,280583.93,48,10051.36,21,2,0.1672,1
61,15000.0,503.1,154284.03,60,16525.36,9,3,1.1017,0
31,65506.79,586.8,217555.2,60,15731.72,16,0,0.2402,1
25,32263.24,728.5,274124.81,48,8680.07,28,4,0.269,1
48,54979.93,511.0,107177.03,36,11381.21,18,1,0.207,0
31,53700.25,739.4,200987.64,60,4047.45,28,3,0.0754,1
59,66268.8,770.9,110848.83,24,14909.44,13,0,0.225,1
40,58263.87,620.4,121313.56,24,0.0,1,0,0.0,1
21,15000.0,673.3,154951.99,48,16214.61,23,0,1.081,0
63,38228.31,739.5,238169.56,12,9814.61,14,4,0.2567,1
44,52073.08,612.7,174238.19,36,6103.5,1,1,0.1172,0
32,47075.3,719.4,148126.55,60,8139.73,4,4,0.1729,1
51,57164.16,596.3,204124.37,12,8726.43,9,2,0.1527,0
44,61840.5,611.8,108242.98,60,20378.43,5,0,0.3295,0
22,59126.78,586.1,234304.26,36,35867.95,21,2,0.6066,0
55,46785.88,677.4,290510.94,60,19758.97,18,2,0.4223,0
39,22304.94,742.6,193663.68,48,5477.39,10,1,0.2456,1
52,43167.78,635.3,183788.08,12,15038.25,2,3,0.3484,0
61,56245.52,548.3,229875.23,48,15386.63,2,4,0.2736,0
48,33643.29,563.4,37722.45,12,2598.71,29,4,0.0772,1
51,59469.12,681.6,242945.4,24,0.0,10,2,0.0,1
32,63625.9,797.5,448150.86,60,9493.75,3,4,0.1492,1
31,51903.0,681.5,190185.9,60,16461.66,22,4,0.3172,1
39,15000.0,619.0,190470.0,12,0.0,26,0,0.0,1
59,30828.67,711.3,259488.56,24,4232.82,3,3,0.1373,1
44,78292.84,630.8,331626.61,12,14581.21,29,3,0.1862,1
36,41801.93,619.7,277997.43,24,10333.79,22,0,0.2472,0
56,20237.85,573.3,27551.45,60,21330.19,7,3,1.054,0
59,68528.71,762.7,245071.91,12,0.0,24,4,0.0,1
61,50200.33,446.9,405754.41,48,28817.32,13,1,0.574,0
34,66574.11,713.8,249795.28,60,0.0,19,4,0.0,1
52,54154.38,612.9,107631.85,60,0.0,3,4,0.0,1
47,56878.39,617.2,222546.37,24,9528.7,7,3,0.1675,0
41,55445.14,785.4,97545.02,48,924.33,23,3,0.0167,1
38,60462.32,592.9,298624.3,36,9689.95,24,2,0.1603,1
26,84161.46,595.6,123529.39,12,9410.18,0,2,0.1118,1
33,64565.1,639.6,205939.49,24,8433.81,6,2,0.1306,1
45,26294.91,683.1,131377.6,48,3260.71,18,2,0.124,1
60,56699.92,614.7,156284.16,48,13461.25,28,2,0.2374,1
59,67122.21,524.1,318892.05,36,7461.3,20,4,0.1112,0
29,68040.51,580.7,208276.57,48,18829.32,21,3,0.2767,1
51,43600.93,752.5,155263.8,48,8557.02,12,1,0.1963,1
24,67474.17,656.0,108381.76,24,2282.82,1,2,0.0338,1
51,63916.14,686.1,50263.88,24,0.0,23,1,0.0,1
36,88587.76,629.1,99897.55,60,8623.12,24,0,0.0973,1
41,38749.97,597.2,208956.74,60,0.0,13,1,0.0,1
53,42388.99,784.2,278418.7,12,0.0,15,0,0.0,1
40,45408.21,634.9,155171.88,48,14219.66,7,4,0.3132,0
57,42646.67,614.5,325643.49,12,0.0,14,0,0.0,0
45,36649.69,737.7,142599.97,60,21297.55,7,1,0.5811,1
65,15000.0,592.2,180959.06,36,11277.73,13,1,0.7518,0
49,43479.51,602.4,113633.86,48,9649.26,4,1,0.2219,1
34,55540.37,650.8,279260.94,48,1721.87,18,1,0.031,1
55,42601.67,650.0,367800.85,48,16114.98,7,3,0.3783,0
39,79030.72,670.8,59054.64,24,9976.76,22,4,0.1262,1
45,50200.64,817.3,172307.03,60,4511.23,16,0,0.0899,1
27,69365.44,676.9,301182.39,36,11598.6,27,1,0.1672,1
26,53921.31,459.8,84244.36,36,0.0,6,2,0.0,0
46,62396.11,676.1,245334.71,24,0.0,8,1,0.0,1
29,54188.62,653.0,297717.78,12,1038.51,7,3,0.0192,1
65,70531.77,653.5,206258.31,36,12796.22,19,1,0.1814,1
59,50839.09,669.7,244021.05,24,9973.93,3,2,0.1962,1
52,57441.81,647.7,340872.19,48,18391.83,21,2,0.3202,1
54,55494.99,645.8,355874.12,24,2640.08,25,1,0.0476,1
47,45675.72,699.0,195042.62,60,14597.34,20,3,0.3196,1
23,56074.73,606.6,157409.77,48,9089.04,4,3,0.1621,0
38,83515.79,574.2,126401.59,36,2455.64,15,2,0.0294,1
43,45944.05,850.0,278157.13,48,13082.46,16,2,0.2847,1
62,56291.97,592.7,90257.96,48,9471.91,12,4,0.1683,0
30,68866.68,658.0,179794.08,48,4967.05,14,4,0.0721,1
43,67103.8,530.3,208215.18,36,10335.99,23,4,0.154,0
36,50175.75,659.3,159759.8,60,8963.76,25,0,0.1786,1
27,15000.0,575.3,222385.62,24,8770.5,9,4,0.5847,0
25,57750.54,614.6,405161.07,36,6699.25,10,4,0.116,0
37,16707.89,733.6,190272.11,24,0.0,6,4,0.0,1
24,72049.06,687.8,165167.55,36,10598.12,12,3,0.1471,1
24,52542.11,695.5,281226.55,60,3578.29,16,1,0.0681,1
36,64995.11,508.3,219166.69,48,1837.37,22,3,0.0283,0
30,36468.33,797.0,315146.86,24,8074.4,8,2,0.2214,1
45,26712.39,554.6,213175.01,60,15872.21,6,4,0.5942,0
21,53911.32,772.3,180126.14,48,11484.91,1,1,0.213,1
34,49495.95,731.7,57302.01,36,5750.86,2,3,0.1162,1
41,42626.89,696.2,70421.22,12,5429.23,1,3,0.1274,1
64,51269.92,581.6,53144.1,36,15086.51,6,4,0.2943,0
49,91511.54,662.1,230347.13,60,0.0,21,0,0.0,1
60,62517.88,612.3,91020.04,36,16378.92,24,4,0.262,1
36,65742.48,652.3,300446.19,12,0.0,30,1,0.0,1
41,62659.05,630.0,202419.73,12,0.0,16,4,0.0,1
39,72191.93,486.9,180465.05,60,5885.87,14,0,0.0815,0
60,47148.92,739.7,132491.59,36,27360.99,27,1,0.5803,1
64,19178.58,643.5,249780.7,48,23419.35,4,3,1.2211,0
64,47171.21,611.2,135640.17,24,15651.9,19,2,0.3318,1
54,62176.04,605.2,121169.76,12,12852.34,25,3,0.2067,1
43,35452.99,678.7,295067.99,36,0.0,15,2,0.0,1
45,47354.51,578.5,228369.69,48,11254.07,8,0,0.2377,0
65,39623.45,469.6,181205.65,24,5606.23,19,3,0.1415,0
33,72530.44,682.6,251314.64,48,3466.65,30,2,0.0478,1
36,61241.86,691.5,200714.55,36,11238.42,7,2,0.1835,1
61,59773.11,634.0,230641.05,24,6231.12,17,1,0.1042,1
38,59324.02,558.2,134652.17,24,16954.4,1,4,0.2858,0
31,49441.26,657.1,365631.89,24,0.0,7,3,0.0,1
46,52963.34,532.8,153630.4,24,10600.09,23,0,0.2001,0
35,32222.23,567.8,324481.31,48,2967.22,15,0,0.0921,0
61,17203.37,589.9,184890.49,24,6722.91,6,0,0.3908,0
61,52251.22,717.5,264567.77,48,12437.01,10,0,0.238,1
34,54859.85,621.0,258737.88,24,1061.54,3,3,0.0193,0
44,68138.97,614.2,291748.14,24,11313.86,24,3,0.166,1
65,73570.04,806.4,132750.1,60,8301.29,29,2,0.1128,1
54,73549.98,678.2,286050.83,60,4715.31,3,2,0.0641,1
30,35029.65,677.1,347715.19,36,6235.42,7,4,0.178,0
47,44716.02,620.4,179304.56,24,8763.58,26,4,0.196,0
48,57205.01,602.3,202776.49,48,3857.31,27,2,0.0674,1
50,87978.57,475.1,158124.27,12,10056.76,23,2,0.1143,0
22,72201.49,727.5,172285.1,36,7774.59,22,2,0.1077,1
34,66790.96,685.9,336913.82,36,5109.74,26,4,0.0765,1
59,44183.18,635.7,119661.24,48,22718.74,11,3,0.5142,1
31,36752.01,639.0,124630.49,12,13321.92,27,1,0.3625,1
34,61833.62,708.9,328872.07,12,6938.3,27,4,0.1122,1
35,33490.08,525.6,249963.87,24,11166.88,7,1,0.3334,0
28,46423.45,602.8,369629.62,12,1785.44,2,3,0.0385,0
27,48278.33,559.1,163964.91,36,6505.83,16,4,0.1348,0
36,73893.68,791.7,210102.49,60,7439.38,23,4,0.1007,1
60,44679.54,720.1,147145.84,24,25.65,26,0,0.0006,1
21,15000.0,473.8,211464.09,36,13098.83,4,1,0.8733,0
33,57566.67,528.9,58072.26,24,5955.1,11,3,0.1034,0
23,39514.67,639.4,254796.36,12,7156.27,23,0,0.1811,0
46,50639.47,612.2,225877.93,48,5450.24,1,0,0.1076,0
32,48699.43,544.0,195395.63,24,33672.72,22,1,0.6914,0
56,45894.44,805.6,168770.85,36,4699.08,9,2,0.1024,1
47,61855.11,675.0,128419.68,48,0.0,0,0,0.0,1
56,27007.03,688.0,258217.03,60,0.0,7,0,0.0,1
49,42244.79,594.6,106312.8,12,16074.42,22,1,0.3805,0
40,60260.57,707.8,240951.67,36,20691.62,26,2,0.3434,1
59,40788.73,619.6,365956.11,60,4545.62,2,2,0.1114,0
42,25867.9,627.3,318841.72,36,20231.6,14,3,0.7821,0
63,60028.33,698.9,79589.76,12,15932.72,6,4,0.2654,1
65,66846.42,519.7,157060.96,24,8484.16,21,0,0.1269,0
47,49325.07,777.8,233716.06,48,7916.43,24,3,0.1605,1
51,20587.32,664.6,194377.45,48,11446.96,29,0,0.556,0
32,60589.55,752.5,88047.54,24,17019.65,11,1,0.2809,1
57,25101.68,564.0,230825.28,12,13178.36,9,1,0.525,0
51,54631.99,576.1,199198.65,24,4585.53,9,3,0.0839,0
61,36688.04,557.0,353146.03,24,8606.34,23,1,0.2346,0
33,32602.41,670.0,179741.7,48,25850.11,13,4,0.7929,0
56,43371.35,655.3,293440.27,60,12009.71,0,1,0.2769,0
42,47250.54,612.8,98632.93,12,16954.6,29,4,0.3588,1
29,40336.88,568.9,117759.26,48,14319.08,3,4,0.355,0
28,58830.55,548.7,257732.96,48,12186.86,28,2,0.2072,1
46,43308.96,646.1,286698.46,48,10869.59,5,0,0.251,0
35,64702.86,612.8,123408.58,60,17179.13,16,3,0.2655,0
25,54217.6,595.2,201926.19,12,15749.14,9,2,0.2905,0
40,39536.64,773.8,89473.67,48,12111.15,21,1,0.3063,1
50,37010.9,643.4,185502.41,12,4449.9,12,2,0.1202,0
35,25287.56,751.6,266953.82,60,13084.47,11,1,0.5174,1
63,54361.0,607.3,165203.32,36,9463.94,14,1,0.1741,0
56,44681.19,669.6,180077.22,12,7533.95,30,4,0.1686,1
44,15000.0,645.6,109616.37,48,31430.21,7,1,2.0953,0
63,41964.28,514.2,148131.33,48,0.0,6,2,0.0,0
40,36484.49,764.3,340648.87,36,17668.1,2,3,0.4843,1
27,73635.16,639.2,205833.99,24,3098.63,22,1,0.0421,1
22,24458.32,709.7,119815.38,12,11049.56,21,3,0.4518,1
63,28379.74,589.8,174818.24,60,30548.7,18,4,1.0764,0
64,66649.54,636.8,72205.79,12,2301.05,0,4,0.0345,0
54,70351.45,580.7,118867.22,60,4209.02,24,0,0.0598,1
25,38825.26,748.9,308827.18,36,9859.89,25,2,0.254,1
34,40518.71,674.9,188601.41,48,3222.26,29,0,0.0795,1
22,59243.53,679.4,351258.41,48,17072.45,28,3,0.2882,1
23,15093.5,758.7,192372.17,60,5723.76,8,1,0.3792,1
32,22082.09,742.5,197121.7,12,15232.08,22,4,0.6898,0
46,45789.0,711.2,251271.53,60,0.0,12,0,0.0,1
23,73248.36,536.3,20000.0,12,0.0,18,4,0.0,0
65,43464.05,594.3,216395.15,60,8168.12,10,1,0.1879,0
41,51514.05,569.7,196081.08,24,0.0,20,4,0.0,0
32,67006.84,708.2,318883.11,60,22146.15,29,0,0.3305,1
44,81603.27,663.7,277174.35,12,0.0,20,1,0.0,1
56,41347.27,538.8,109304.67,36,1698.51,28,1,0.0411,0
35,49747.45,634.9,299371.09,36,13308.96,28,4,0.2675,1
23,77330.83,530.5,179014.84,60,5309.09,3,3,0.0687,0
23,27167.01,645.7,127643.74,12,0.0,29,4,0.0,1
59,65413.72,517.6,215768.26,12,26319.71,25,2,0.4024,0
26,34725.27,692.3,183778.45,48,1986.93,13,3,0.0572,1
49,51537.09,680.2,323077.23,12,8429.94,18,3,0.1636,1
38,46360.71,802.6,227249.76,48,8326.46,19,3,0.1796,1
55,35629.83,717.8,216452.71,12,15682.47,24,4,0.4402,1
23,35253.47,616.2,272051.77,60,13698.82,24,4,0.3886,0
61,54146.22,715.4,287429.73,36,3385.59,3,2,0.0625,1
52,64933.09,538.2,262688.41,60,7393.38,0,2,0.1139,0
41,48053.96,573.0,313557.08,12,8184.62,7,3,0.1703,0
30,51051.7,676.7,248694.59,24,15991.68,16,3,0.3132,0
64,58567.61,477.3,213412.12,36,653.42,26,4,0.0112,0
34,35425.72,647.0,299133.76,12,26144.88,20,3,0.738,0
43,61095.39,568.4,192728.31,12,3926.53,4,4,0.0643,0
38,62290.15,658.1,202659.72,24,9930.0,22,3,0.1594,1
31,89054.39,563.8,337726.15,48,720.08,14,4,0.0081,0
39,44358.44,683.9,329753.93,48,0.0,11,3,0.0,0
27,43128.77,651.5,199345.94,12,3004.57,23,4,0.0697,1
21,61534.49,762.0,163715.87,12,2235.81,9,0,0.0363,1
34,62286.56,650.5,317053.88,48,6685.94,19,4,0.1073,1
26,41973.69,588.5,264033.47,24,2168.28,5,1,0.0517,0
39,43952.56,630.2,225246.5,48,15564.42,11,3,0.3541,0
59,58116.96,542.5,174250.18,24,3736.13,17,1,0.0643,1
28,37586.24,682.5,226535.73,24,2849.48,19,2,0.0758,1
21,43841.99,697.2,198263.32,24,6856.25,28,3,0.1564,1
25,51343.89,847.5,146852.95,24,17942.71,9,2,0.3495,1
43,64939.08,600.3,210323.39,48,11719.01,27,3,0.1805,1
33,40931.02,628.6,221233.92,36,9202.48,25,0,0.2248,1
43,22364.23,603.9,169968.39,48,0.0,11,4,0.0,0
22,21251.04,667.0,272306.06,12,858.33,4,2,0.0404,0
35,31108.8,680.5,303106.59,36,0.0,7,3,0.0,0
39,30302.48,645.7,277591.82,36,20454.81,20,1,0.675,0
40,47680.84,736.9,177900.13,60,14244.5,24,2,0.2987,1
45,32166.8,600.6,260465.72,36,3107.04,18,2,0.0966,0
56,39458.68,728.9,206236.91,12,5485.03,22,0,0.139,1
42,38388.71,693.1,101140.32,48,3397.68,3,2,0.0885,1
58,43392.38,649.0,253818.35,12,2913.11,15,3,0.0671,0
44,69837.56,624.8,211690.53,60,13682.41,27,4,0.1959,1
32,59929.21,844.1,407483.84,24,7699.71,12,4,0.1285,1
31,50241.94,584.6,316581.67,48,26649.34,27,1,0.5304,0
35,43084.61,673.8,256892.01,48,20002.88,3,3,0.4643,0
47,43501.51,590.0,219933.64,36,20475.84,30,0,0.4707,0
31,54916.2,792.8,213097.78,36,15370.86,24,4,0.2799,1
62,58762.54,720.9,119704.85,12,6618.73,19,4,0.1126,1
42,36385.74,595.7,60881.02,12,14782.33,19,4,0.4063,0
59,50547.21,691.0,130195.27,48,7209.34,29,2,0.1426,1
51,19525.71,670.6,196182.64,60,23042.21,11,1,1.1801,0
36,53175.71,608.7,31556.86,60,13234.24,5,3,0.2489,0
31,61432.24,710.7,156454.26,24,12098.88,28,3,0.1969,1
54,45798.97,681.1,180190.96,24,11016.58,3,1,0.2405,1
35,77247.9,667.3,182765.88,24,23922.13,20,2,0.3097,1
32,36781.42,646.6,147062.11,48,0.0,8,3,0.0,0
62,53261.61,684.5,172678.89,48,24706.3,28,2,0.4639,1
42,49462.63,668.4,337911.51,48,8510.77,30,1,0.1721,1
23,48495.53,654.7,252971.62,60,0.0,14,1,0.0,1
43,48285.17,598.7,155175.94,24,3982.32,16,2,0.0825,1
41,51606.58,785.5,194532.18,48,0.0,14,1,0.0,1
59,62719.38,566.0,197734.93,36,15229.25,13,1,0.2428,0
53,70666.04,684.2,138563.57,60,1693.66,29,0,0.024,1
29,49966.25,624.4,138469.58,24,11349.34,8,1,0.2271,1
27,62229.74,790.8,280841.92,12,19073.74,29,3,0.3065,1
48,39473.5,577.7,166417.25,24,4623.86,20,1,0.1171,0
23,61489.33,591.2,112424.29,48,7855.17,29,0,0.1277,1
35,38570.13,572.4,196548.77,60,0.0,18,4,0.0,1
27,66359.9,675.9,209440.78,60,6893.14,25,2,0.1039,1
21,83159.61,540.2,42183.66,12,30592.19,15,2,0.3679,0
62,48168.74,611.7,196740.29,36,16223.47,14,2,0.3368,0
25,17111.85,477.8,269438.39,12,7882.16,7,2,0.4606,0
21,41778.91,669.2,236098.35,24,5106.5,6,2,0.1222,1
62,68478.13,610.0,378383.61,60,9658.93,1,3,0.1411,0
29,58296.15,531.0,300088.76,60,11040.41,11,4,0.1894,0
57,53733.7,736.8,315914.72,12,6647.44,30,4,0.1237,1
22,65130.03,545.4,424006.87,12,14240.47,29,2,0.2186,0
27,57266.8,713.8,260652.5,48,2372.42,21,1,0.0414,1
25,68265.88,593.9,213045.62,36,2332.9,11,0,0.0342,1
52,63791.36,778.1,277899.22,36,12961.56,16,2,0.2032,1
48,72825.51,710.0,155261.09,60,650.87,23,4,0.0089,1
42,55381.94,569.4,208614.91,60,15832.14,0,1,0.2859,0
31,63578.89,576.6,148181.79,60,9885.76,28,4,0.1555,1
24,45393.09,698.4,231838.76,48,0.0,26,3,0.0,1
46,40978.09,629.0,147847.27,60,10875.99,30,3,0.2654,1
31,75601.51,636.5,145045.72,48,0.0,2,2,0.0,1
47,53243.07,751.8,233077.86,60,15546.9,29,3,0.292,1
51,62073.21,590.1,188983.08,36,8010.29,19,0,0.129,1
59,51856.1,657.3,45798.31,12,24808.67,17,0,0.4784,1
43,41202.27,726.4,83555.45,60,18570.5,5,0,0.4507,1
21,50164.74,714.7,108218.68,60,1514.46,15,3,0.0302,1
33,71539.91,637.2,129362.25,24,0.0,11,2,0.0,1
59,58328.6,626.9,233153.87,36,3959.19,30,1,0.0679,1
44,24327.9,510.9,217515.11,36,229.93,10,0,0.0095,0
48,46771.33,565.5,285222.35,48,24605.9,6,2,0.5261,0
41,76734.41,675.5,260224.15,48,9917.48,29,1,0.1292,1
28,46793.05,639.0,285752.24,24,17467.35,5,0,0.3733,0
61,22992.82,656.0,248671.7,60,7719.75,28,0,0.3357,1
55,78395.73,733.1,216774.34,60,8562.66,29,3,0.1092,1
65,60235.89,555.0,287948.14,60,9738.98,9,3,0.1617,0
59,48949.81,631.1,273553.02,36,18852.31,21,1,0.3851,1
34,44428.73,665.1,230087.63,12,12493.0,24,2,0.2812,1
32,66235.28,593.7,301685.75,60,1541.33,16,1,0.0233,1
32,41870.25,764.5,20000.0,12,22980.11,21,2,0.5488,1
62,67223.85,722.7,176762.95,12,7657.48,4,0,0.1139,1
46,58132.93,673.2,175536.76,24,6355.84,15,4,0.1093,1
41,53670.23,793.5,292214.63,12,0.0,15,3,0.0,1
64,52182.72,530.1,325711.6,48,15075.2,17,4,0.2889,0
48,47375.48,649.4,83985.65,36,10808.1,29,1,0.2281,1
61,65684.6,679.3,312893.37,24,10799.41,25,4,0.1644,1
65,37019.86,576.8,106284.39,12,6777.4,18,2,0.1831,0
24,25671.12,674.1,108702.78,24,5398.26,12,0,0.2103,1
37,59216.6,561.5,181257.14,48,7043.36,12,1,0.1189,0
54,59468.57,705.2,174543.48,48,13705.29,0,4,0.2305,1
57,57203.62,734.6,75326.62,24,15112.94,17,3,0.2642,1
27,56115.93,671.8,251990.24,12,8151.75,7,3,0.1453,1
35,45191.89,501.8,254352.19,36,17591.5,27,1,0.3893,0
45,61812.24,572.7,284323.33,48,9368.21,23,3,0.1516,0
56,49316.63,695.2,165323.57,12,5966.19,28,4,0.121,1
26,42693.3,651.7,196833.38,48,11587.32,30,0,0.2714,1
48,45321.63,434.5,197565.83,12,0.0,12,1,0.0,0
34,80309.6,749.4,335039.64,24,11861.75,13,0,0.1477,1
30,23975.36,660.9,20000.0,48,0.0,18,0,0.0,1
44,57496.82,584.5,123444.45,12,1778.18,13,4,0.0309,1
39,24813.34,729.6,200443.27,24,0.0,8,1,0.0,1
49,48376.5,595.8,113154.38,12,8599.06,21,0,0.1778,0
35,43495.59,594.9,179334.37,24,22877.07,13,0,0.526,0
58,18724.58,678.7,189913.96,48,9063.39,29,4,0.484,1
24,55835.56,792.5,147385.11,24,15148.68,6,2,0.2713,1
59,44299.43,779.9,205157.51,12,28818.51,13,3,0.6505,1
22,18511.9,678.8,250251.94,24,13232.45,16,1,0.7148,0
54,62593.52,687.0,181098.68,12,3878.3,28,3,0.062,1
36,71525.09,713.3,163744.42,48,4979.45,17,4,0.0696,1
38,72351.87,549.4,186738.81,60,10005.27,2,3,0.1383,0
21,55384.35,701.5,199405.09,12,4936.84,10,2,0.0891,1
52,50690.87,591.3,60774.43,48,5535.3,27,1,0.1092,1
28,69922.35,675.5,236924.31,24,17882.03,8,1,0.2557,1
50,75235.75,631.8,163919.9,12,18209.25,10,2,0.242,1
53,67003.53,690.1,300922.81,48,0.0,4,2,0.0,1
59,35876.94,659.4,247284.28,24,3454.64,22,0,0.0963,1
52,53020.17,404.2,293605.31,36,6287.96,4,0,0.1186,0
34,56592.74,664.3,119119.7,36,14792.71,11,2,0.2614,1
54,22855.75,701.4,170289.07,36,19144.6,22,0,0.8376,0
58,57040.41,685.7,100603.32,12,31615.74,27,2,0.5543,1
35,84094.88,641.8,143584.7,24,6274.61,6,1,0.0746,1
26,59599.04,781.4,300168.43,48,6674.17,10,1,0.112,1
61,72101.2,674.9,318999.25,60,14708.56,3,0,0.204,1
27,52743.72,685.0,108149.34,12,4542.27,13,2,0.0861,1
47,48901.73,733.6,163337.79,36,8872.31,30,0,0.1814,1
31,55719.07,679.0,193904.35,60,6679.7,9,3,0.1199,1
26,37762.6,578.2,246848.45,24,0.0,8,4,0.0,0
55,35543.37,454.9,59215.18,36,10985.87,12,4,0.3091,0
27,68994.57,611.8,71759.99,60,8541.11,27,3,0.1238,1
51,70585.14,710.9,239170.09,60,20169.85,16,4,0.2858,1
52,35133.41,621.8,44076.91,48,10043.92,18,4,0.2859,0
23,64519.98,714.1,164256.21,48,0.0,24,3,0.0,1
28,48695.6,661.9,212967.34,48,7935.21,22,1,0.163,1
56,55097.13,753.0,233253.28,24,0.0,18,2,0.0,1
43,56903.28,626.4,188662.55,60,312.66,17,4,0.0055,1
26,64915.26,687.4,170739.46,12,15084.05,16,3,0.2324,1
65,51240.77,690.5,267565.67,12,8021.28,5,1,0.1565,1
32,71152.43,770.1,222816.47,48,17380.07,12,0,0.2443,1
21,54641.19,513.5,148238.67,60,0.0,26,0,0.0,1
62,59362.76,613.3,203017.83,60,8060.31,1,1,0.1358,0
21,37501.06,717.9,230653.52,48,6195.9,25,4,0.1652,1
45,82379.89,773.7,337458.98,24,17646.79,17,2,0.2142,1
65,57047.37,669.2,262905.89,24,15382.1,10,0,0.2696,1
47,60694.96,626.6,297164.55,36,15138.02,3,4,0.2494,0
47,25877.21,710.6,151151.41,24,22331.28,23,2,0.863,0
38,37659.47,719.5,158065.37,36,7055.3,0,1,0.1873,1
26,68568.26,621.2,181169.6,12,20680.65,16,4,0.3016,1
46,54303.37,676.4,188514.19,24,1646.35,5,1,0.0303,1
61,21293.3,744.4,119358.0,60,1352.98,28,3,0.0635,1
25,65574.35,801.2,301274.69,48,16021.97,5,4,0.2443,1
60,41843.26,709.4,270668.13,12,0.0,24,2,0.0,1
39,71169.75,653.5,175545.77,24,14582.13,17,3,0.2049,1
45,48682.46,645.7,251336.85,24,10810.51,1,1,0.2221,0
28,53070.6,694.6,217831.93,24,18574.82,22,4,0.35,1
48,67684.32,640.7,257586.24,48,9524.45,27,0,0.1407,1
29,36537.61,665.2,92455.43,60,10448.39,6,1,0.286,1
33,35107.3,565.4,188347.11,48,14074.12,30,4,0.4009,0
53,47052.52,753.8,195356.92,36,4698.8,24,2,0.0999,1
23,62407.59,558.8,249891.37,12,4350.35,23,0,0.0697,1
41,30036.84,615.4,149724.99,12,13795.44,10,2,0.4593,0
47,24979.48,657.8,20000.0,60,9765.7,3,1,0.3909,0
26,62355.81,809.3,113464.02,48,6741.49,13,2,0.1081,1
34,40955.33,616.2,195116.16,36,9337.73,25,1,0.228,0
36,44116.61,596.7,205110.74,36,22756.48,18,1,0.5158,0
50,22147.84,605.9,334699.85,60,6455.85,20,4,0.2915,0
64,39815.31,782.7,246619.72,60,6223.84,24,0,0.1563,1
58,49886.49,425.0,206522.42,12,0.0,10,3,0.0,0
29,63955.67,569.8,197408.7,24,9661.18,1,0,0.1511,0
21,38431.55,850.0,288334.67,12,15255.07,27,2,0.3969,1
23,74860.64,697.3,152791.16,24,16689.58,19,3,0.2229,1
47,39731.66,561.5,188777.3,48,10865.74,17,4,0.2735,0
28,39753.62,646.6,112859.35,24,17646.67,17,1,0.4439,1
31,73060.36,655.4,313512.48,12,15849.84,26,0,0.2169,1
59,53171.9,717.7,231399.91,36,18903.6,23,3,0.3555,1
60,41719.63,797.2,143398.14,36,17874.42,20,4,0.4284,1
58,47673.0,681.1,190843.6,48,22559.83,24,2,0.4732,1
32,70296.1,606.8,240772.06,12,8642.45,8,0,0.1229,1
48,71993.04,713.0,179942.49,24,0.0,22,2,0.0,1
48,37748.1,594.1,157242.35,48,15309.75,30,1,0.4056,0
29,49363.49,567.3,147658.11,48,16244.43,7,2,0.3291,0
45,51352.35,509.2,227116.95,60,22559.96,17,0,0.4393,0
44,35206.4,524.8,171355.66,60,20250.32,21,1,0.5752,0
38,49164.72,578.3,163699.38,60,25563.78,16,4,0.52,0
54,50079.84,555.8,93115.06,36,14958.83,30,0,0.2987,0
51,67103.14,675.1,206211.25,60,11830.48,12,4,0.1763,1
44,68111.38,554.0,185502.12,36,0.0,6,2,0.0,0
53,45061.86,398.5,174268.13,60,12464.77,4,2,0.2766,0
55,46790.7,566.5,215901.65,24,5579.97,26,4,0.1193,0
46,59964.38,612.3,259840.18,36,11692.08,21,1,0.195,0
33,41222.17,601.6,256125.24,48,10436.11,17,4,0.2532,0
55,58829.6,771.6,244218.28,24,13773.87,13,1,0.2341,1
53,48681.4,600.9,180746.38,12,9221.35,12,1,0.1894,0
65,35459.02,720.5,154640.13,60,17480.16,28,2,0.493,1
27,35647.45,648.5,116486.75,36,0.0,21,3,0.0,1
39,71705.88,646.6,152547.48,60,11519.95,29,1,0.1607,1
62,47653.68,583.2,201572.01,24,19619.92,24,3,0.4117,0
44,74605.31,645.3,137097.11,60,24960.39,23,0,0.3346,1
63,42295.46,588.8,207684.57,48,15855.69,17,3,0.3749,0
21,54368.08,663.6,122763.47,48,23479.06,7,3,0.4319,1
22,85890.15,631.1,67120.65,48,11351.49,20,2,0.1322,1
56,34139.2,574.4,265552.49,24,10022.9,22,3,0.2936,0
37,21532.78,729.4,162046.83,60,14235.33,16,3,0.6611,0
44,69298.85,684.1,133037.31,60,9974.45,0,4,0.1439,1
40,37597.86,614.2,112492.23,48,3741.14,29,1,0.0995,1
39,49689.4,661.6,233842.88,60,5878.08,25,2,0.1183,1
63,41211.23,643.3,309992.62,60,1102.78,10,2,0.0268,1
25,54022.44,580.6,167754.09,48,14227.02,15,1,0.2634,0
55,35741.96,655.6,182754.93,36,10091.13,3,4,0.2823,0
61,47300.9,600.3,285730.55,60,7117.71,29,2,0.1505,1
50,56747.23,574.4,55164.34,12,5466.53,7,2,0.0963,0
38,34875.37,520.2,357349.49,36,14040.45,11,0,0.4026,0
28,39498.74,621.3,395528.02,60,16243.59,13,2,0.4112,0
51,44789.26,695.4,20000.0,60,955.89,8,3,0.0213,1
42,28567.77,594.4,192199.74,24,0.0,19,2,0.0,1
27,43661.59,850.0,142484.24,12,17636.08,30,3,0.4039,1
37,51781.95,720.9,178818.26,24,0.0,26,0,0.0,1
64,44006.77,754.3,166529.19,60,14379.89,16,0,0.3268,1
32,45929.35,713.6,264940.73,36,22935.27,4,1,0.4994,1
29,49701.47,798.2,190994.41,12,22953.88,26,1,0.4618,1
51,40163.85,587.0,127127.42,12,15902.98,7,4,0.396,0
29,60365.94,445.1,186225.19,24,15670.48,28,4,0.2596,0
62,71539.67,614.3,241182.74,24,28015.26,12,2,0.3916,1
59,43034.29,694.7,105302.29,12,0.0,16,2,0.0,1
65,57277.97,662.1,68301.3,36,6285.31,13,1,0.1097,1
62,46405.74,672.0,359419.42,36,16787.93,14,2,0.3618,0
31,55482.31,755.7,148605.87,12,7301.7,5,3,0.1316,1
30,73486.69,680.6,189011.76,24,19918.23,17,3,0.271,1
36,57629.89,713.9,168176.37,48,9685.17,12,4,0.1681,1
42,23398.78,574.8,243847.02,60,11053.95,26,2,0.4724,0
60,56809.93,562.4,341823.19,60,7802.6,14,1,0.1373,0
54,68492.96,779.1,246394.71,36,5819.91,29,0,0.085,1
49,46676.06,658.1,78530.79,12,5623.12,9,3,0.1205,1
60,64934.52,600.1,89270.13,60,12169.33,10,4,0.1874,0
50,39648.27,600.3,168082.82,60,3803.48,1,2,0.0959,0
38,27716.91,598.1,178541.34,24,17625.64,22,4,0.6359,0
39,52117.54,593.3,62243.9,36,15225.81,2,1,0.2921,0
44,23652.85,547.3,265547.27,12,18795.33,8,0,0.7946,0
24,46403.43,530.0,113094.36,60,968.61,28,3,0.0209,0
54,69302.63,634.4,319464.12,48,0.0,18,0,0.0,1
50,21353.56,602.6,345650.61,12,9966.51,17,0,0.4667,0
53,30807.55,738.6,180139.72,48,33190.4,24,3,1.0773,0
45,34519.52,673.4,235117.81,36,20129.67,23,2,0.5831,0
56,49050.2,671.2,101444.22,36,5564.43,27,3,0.1134,1
63,44514.25,590.6,249894.11,24,13396.1,20,3,0.3009,0
46,70987.05,640.3,160144.61,60,15820.7,13,1,0.2229,1
40,64315.22,678.9,113021.17,36,0.0,4,3,0.0,1
25,57429.09,707.3,176853.2,60,20957.01,11,2,0.3649,1
56,52184.45,642.5,162740.16,12,8660.61,21,2,0.166,1
61,55898.45,736.3,173987.25,36,9274.55,7,3,0.1659,1
52,37070.26,650.6,275974.39,24,10190.28,20,1,0.2749,0
59,62858.16,713.4,137175.39,60,19156.32,4,2,0.3048,1
59,33319.34,610.8,338801.84,36,3958.54,1,2,0.1188,0
56,62530.65,505.0,93995.23,48,0.0,11,0,0.0,0
43,67792.14,671.5,329234.42,12,12583.64,7,1,0.1856,1
25,53162.97,708.0,118679.15,48,0.0,27,0,0.0,1
21,47356.8,696.0,199918.94,12,7591.17,11,0,0.1603,1
30,56004.65,683.8,160784.31,24,19494.99,12,2,0.3481,1
40,15000.0,622.1,172501.71,24,14632.75,12,4,0.9755,0
54,54533.87,585.5,264108.58,12,18338.85,9,4,0.3363,0
41,48299.69,694.1,319986.14,36,14962.81,28,3,0.3098,1
22,49240.58,684.1,295241.98,24,29282.68,22,2,0.5947,0
30,60597.99,605.1,167611.49,36,5294.08,4,1,0.0874,0
65,48878.47,738.8,214740.42,48,13185.05,6,1,0.2698,1
65,32896.9,579.4,137433.77,12,6495.04,2,3,0.1974,0
37,47878.96,603.3,120675.97,48,17654.41,7,4,0.3687,0
57,51013.33,780.9,108295.93,24,9507.4,20,4,0.1864,1
53,51724.01,719.5,164994.14,24,23750.76,29,1,0.4592,1
62,52428.79,621.4,219968.45,36,5753.47,14,2,0.1097,0
60,65590.54,673.0,47054.79,48,21257.01,2,2,0.3241,1
49,33709.48,662.4,196291.7,48,14745.12,1,0,0.4374,0
38,52635.51,430.4,321282.01,12,9740.31,12,0,0.1851,0
49,69348.95,577.5,289752.89,36,14339.54,8,0,0.2068,0
35,23980.83,645.9,153185.27,24,12090.12,17,3,0.5042,0
36,52694.7,621.5,88250.17,24,12847.64,3,1,0.2438,0
48,41219.32,669.8,236786.42,60,8345.03,7,3,0.2025,0
46,44439.34,740.4,20000.0,12,4387.29,17,1,0.0987,1
47,36427.89,624.3,288812.33,36,7319.43,8,3,0.2009,0
38,47456.74,565.4,182913.0,36,0.0,11,0,0.0,1
39,77618.83,676.0,346504.03,24,16735.59,6,1,0.2156,1
21,31033.54,623.9,61842.76,48,118.69,1,1,0.0038,1
48,32455.85,637.5,273451.7,36,8258.82,10,2,0.2545,0
46,30470.98,626.7,191959.29,48,15184.36,10,2,0.4983,0
63,75911.27,829.3,173515.96,24,16715.17,27,0,0.2202,1
43,43064.9,470.7,90412.52,60,0.0,27,3,0.0,0
42,49615.41,618.9,247659.83,48,9265.22,13,4,0.1867,0
24,43958.26,649.7,254090.99,24,13677.96,8,0,0.3112,1
29,35833.66,587.5,342810.22,60,10416.13,12,0,0.2907,0
36,46472.74,722.0,280644.02,60,20752.6,18,4,0.4466,1
37,86873.65,715.1,152488.37,36,3425.54,11,3,0.0394,1
37,70881.06,646.2,119690.99,12,0.0,23,4,0.0,1
38,37205.93,628.3,90520.69,36,16482.61,29,3,0.443,1
55,59713.61,641.0,317857.95,48,5703.31,12,3,0.0955,0
26,37527.16,641.6,137746.06,24,0.0,3,0,0.0,1
35,23354.49,643.7,318418.39,12,8731.9,3,2,0.3739,0
28,65292.66,635.0,242005.76,36,19844.46,27,1,0.3039,1
34,67401.39,670.2,226392.23,60,0.0,12,4,0.0,1
51,65690.78,710.3,175450.53,24,28687.97,10,0,0.4367,1
23,42952.02,551.6,252853.83,36,3296.95,19,0,0.0768,0
36,47498.36,565.9,198762.34,12,10696.09,29,2,0.2252,0
22,61246.48,510.1,170462.94,48,246.94,13,4,0.004,0
63,55872.44,719.3,255680.38,60,10332.88,9,4,0.1849,1
53,44095.44,670.0,188482.23,48,8930.02,26,2,0.2025,1
31,25713.92,690.4,136133.22,36,0.0,2,2,0.0,1
29,51708.13,535.6,247986.14,12,32606.62,26,1,0.6306,0
25,66185.14,792.8,194881.15,36,6037.3,16,4,0.0912,1
42,32036.18,601.3,239112.8,60,6044.3,0,0,0.1887,0
54,59581.39,663.5,163691.21,12,17752.29,7,0,0.298,1
47,54973.13,718.4,103270.3,24,24514.04,21,2,0.4459,1
60,61252.22,571.0,338805.92,60,19011.49,23,1,0.3104,0
36,63079.63,606.3,323728.91,36,390.56,6,2,0.0062,1
33,39583.02,664.3,270702.8,12,11711.27,20,4,0.2959,0
42,25745.61,850.0,168975.15,12,0.0,30,1,0.0,1
30,41997.21,674.1,175974.56,36,17213.64,21,4,0.4099,1
64,63336.91,778.5,310586.2,36,0.0,21,1,0.0,1
29,41869.94,746.5,171693.6,60,3574.39,5,1,0.0854,1
42,39589.35,679.4,149395.52,60,9974.39,19,0,0.2519,1
44,22679.74,570.9,349778.77,36,13560.05,21,3,0.5979,0
23,76289.71,734.8,196185.79,36,7912.52,3,4,0.1037,1
42,62385.7,530.2,341474.03,60,22152.67,9,4,0.3551,0
41,61548.44,778.1,88128.65,48,15785.92,27,0,0.2565,1
32,64515.88,666.0,241454.79,24,15157.8,30,3,0.2349,1
26,58650.63,438.0,365686.61,48,164.79,5,0,0.0028,0
23,46335.07,622.8,202380.06,48,23594.94,22,3,0.5092,0
21,47543.54,702.3,178879.64,24,3575.48,15,3,0.0752,1
42,43586.53,631.0,106579.85,60,23900.34,18,0,0.5483,1
25,89521.11,707.2,286587.44,24,26177.56,15,0,0.2924,1
64,58338.68,582.0,138389.75,36,14101.25,26,0,0.2417,0
32,43042.99,545.5,192415.32,36,18256.1,13,3,0.4241,0
50,56982.45,644.3,101239.82,48,0.0,18,3,0.0,1
51,34836.97,652.5,324551.57,60,8439.98,20,0,0.2423,0
43,72567.6,622.1,292390.82,24,18817.33,17,2,0.2593,0
60,40083.96,748.2,197473.22,24,17396.08,27,3,0.434,1
25,57516.28,582.0,107668.09,48,242.21,7,1,0.0042,1
31,65989.66,675.1,322872.56,60,7650.22,29,3,0.1159,1
32,55771.53,655.4,170725.46,60,0.0,21,1,0.0,1
27,51417.05,525.5,111583.61,48,13303.94,29,1,0.2587,0
34,50162.03,544.5,59030.56,48,0.0,11,1,0.0,0
35,49153.38,651.0,148322.79,48,19043.82,14,1,0.3874,1
55,41349.52,808.5,83628.95,60,19461.8,1,2,0.4707,1
34,43257.75,696.3,150174.33,12,6205.07,28,1,0.1434,1
60,72193.86,511.9,259552.7,36,14170.21,25,1,0.1963,0
55,48371.95,401.2,169967.99,12,8263.21,9,3,0.1708,0
61,38213.06,708.6,228455.47,36,11935.27,1,1,0.3123,1
25,42255.54,642.3,142133.23,24,821.92,21,3,0.0195,1
65,66505.56,741.3,205213.53,24,14979.94,20,0,0.2252,1
48,60134.1,579.5,353672.07,60,0.0,16,0,0.0,0
65,58404.94,678.0,172121.11,48,0.0,4,4,0.0,1
36,46137.18,717.7,230754.36,36,9024.57,28,2,0.1956,1
63,58600.44,614.2,74757.82,60,8310.05,13,3,0.1418,1
47,40346.58,615.9,321608.49,12,12178.41,22,3,0.3018,0
24,46105.79,652.0,161823.47,48,4803.94,26,0,0.1042,1
39,64547.07,693.4,284042.69,12,25085.53,16,4,0.3886,1
27,63114.17,648.9,190145.58,24,11284.84,2,2,0.1788,0
63,35271.35,727.9,248926.35,12,11863.05,27,4,0.3363,1
34,37167.1,613.0,253680.99,36,11577.87,20,2,0.3115,0
31,51630.53,543.7,163804.77,48,18023.28,27,2,0.3491,0
45,75891.99,808.2,287352.51,48,14608.14,18,3,0.1925,1
40,21266.52,601.6,139281.21,36,13536.14,28,0,0.6365,0
25,54174.99,604.5,262234.74,60,15887.87,26,3,0.2933,0
57,29359.35,644.7,168783.58,24,0.0,6,4,0.0,1
59,40485.04,655.4,227964.64,12,0.0,5,3,0.0,1
54,44533.57,619.1,163040.56,12,9391.53,4,0,0.2109,1
48,43692.37,648.6,203998.08,12,8418.61,24,3,0.1927,1
39,41993.06,646.8,114024.5,36,14638.48,7,0,0.3486,0
45,50108.11,664.0,219804.56,36,10160.14,13,0,0.2028,1
44,41971.17,461.4,203535.03,60,14654.92,24,1,0.3492,0
28,28063.14,800.5,156787.72,12,35.24,13,1,0.0013,1
24,61698.04,638.2,195597.76,24,9914.04,1,0,0.1607,1
32,61293.08,696.4,210720.36,60,0.0,11,0,0.0,1
41,62647.61,539.8,150691.44,12,13094.86,2,3,0.209,0
28,26888.98,612.3,189699.31,36,0.0,11,2,0.0,0
25,54483.77,596.2,119555.84,12,12786.48,22,0,0.2347,1
59,60139.68,767.6,387658.64,36,0.0,16,2,0.0,1
37,34531.97,603.1,284729.49,60,6931.78,20,3,0.2007,0
47,50137.6,710.6,221847.53,24,17159.42,3,3,0.3422,1
44,48256.0,598.0,293769.03,24,11819.04,23,1,0.2449,0
54,77632.26,613.8,41659.8,36,0.0,13,0,0.0,1
54,78867.44,630.4,20000.0,48,4620.85,8,4,0.0586,1
34,25034.65,752.7,168056.72,60,0.0,20,3,0.0,1
59,87408.91,498.8,89714.87,12,0.0,4,4,0.0,0
37,36271.61,544.7,181071.56,36,10941.31,15,1,0.3016,0
58,64710.1,494.2,216452.53,48,14482.39,13,0,0.2238,0
39,64557.47,563.0,273633.16,12,13524.85,5,1,0.2095,0
25,35064.65,585.1,108938.88,60,14821.01,29,1,0.4227,0
55,57399.02,520.8,231970.45,24,9904.71,11,3,0.1726,0
22,48386.99,591.3,201151.18,36,7812.88,1,3,0.1615,0
55,58314.95,488.8,227800.74,60,1415.45,13,0,0.0243,0
22,53460.08,568.6,158418.24,48,6479.36,29,2,0.1212,1
30,67945.09,746.0,310650.81,60,0.0,20,1,0.0,1
48,51130.99,682.3,191719.31,48,3238.68,19,3,0.0633,1
63,47481.89,665.0,341934.58,24,10711.41,27,1,0.2256,1
39,66440.96,569.8,136768.91,48,9057.55,2,2,0.1363,0
26,58705.94,527.1,259426.19,48,34517.82,17,3,0.588,0
31,60977.2,558.9,195226.52,24,0.0,9,1,0.0,0
61,40031.2,646.5,173780.61,12,8999.21,20,0,0.2248,1
53,34321.06,719.5,250585.23,48,0.0,26,3,0.0,1
25,41484.17,722.2,176066.12,36,6897.71,2,4,0.1663,1
38,40687.68,700.4,20000.0,48,7223.25,4,2,0.1775,1
32,61792.99,591.0,20000.0,12,16759.04,29,4,0.2712,1
29,64639.76,652.0,301793.77,36,6402.67,15,0,0.0991,1
59,47673.05,624.3,298420.68,60,8469.44,9,4,0.1777,0
48,71463.79,633.9,350987.28,60,6557.46,4,4,0.0918,0
29,70527.04,813.0,198597.74,60,0.0,10,1,0.0,1
50,53650.98,509.0,96589.22,24,4783.18,0,0,0.0892,0
39,37671.62,631.2,166433.29,12,6944.51,6,3,0.1843,0
23,73630.65,746.9,200913.96,36,10590.61,5,4,0.1438,1
41,49084.74,532.7,119436.94,36,14471.58,2,0,0.2948,0
29,51892.48,598.5,331885.98,24,8123.23,30,3,0.1565,1
32,44905.92,607.7,379160.23,12,7982.59,24,4,0.1778,0
60,36653.15,632.1,238262.46,12,0.0,29,0,0.0,1
52,27970.41,522.3,199130.9,24,14317.88,7,2,0.5119,0
27,59493.02,697.6,96402.64,48,4432.82,8,0,0.0745,1
59,38248.98,703.3,323714.71,12,15976.99,8,0,0.4177,1
46,95892.97,690.7,206104.54,12,20531.52,17,2,0.2141,1
60,33708.9,580.4,176866.85,24,8496.68,5,1,0.2521,0
54,31139.26,656.9,238493.93,60,1813.51,7,0,0.0582,0
36,57652.08,578.0,153143.08,60,9866.41,30,4,0.1711,1
45,72939.7,623.4,211750.01,36,12789.62,10,1,0.1753,1
44,50968.84,822.3,84602.65,12,7475.84,24,4,0.1467,1
53,58583.64,657.7,286966.98,12,5487.69,7,0,0.0937,1
32,22346.79,555.0,191647.12,60,14508.26,28,2,0.6492,0
35,39837.33,664.4,292704.07,36,13980.63,21,3,0.3509,0
32,33895.76,541.9,183909.11,12,7229.68,26,2,0.2133,0
34,21574.31,554.1,189104.02,60,0.0,16,2,0.0,0
28,51754.7,566.7,103014.61,36,13651.03,28,3,0.2638,1
22,16357.59,614.5,260780.56,24,3861.38,11,0,0.2361,0
63,30167.06,725.0,129932.8,36,11714.73,14,4,0.3883,1
24,41942.09,696.3,161086.21,24,11209.26,1,3,0.2673,1
60,37530.71,691.8,200083.77,60,0.0,5,3,0.0,1
21,55946.13,562.1,209697.93,48,10648.65,23,2,0.1903,0
55,54583.7,606.7,63512.24,12,14116.26,10,1,0.2586,0
35,63406.98,671.8,181535.53,48,15097.22,3,2,0.2381,1
44,61285.76,599.7,263618.42,12,10938.93,9,3,0.1785,0
33,67112.19,627.7,169732.96,36,0.0,10,4,0.0,1
43,49971.22,685.3,182021.46,48,20216.65,22,4,0.4046,1
41,54552.0,622.1,212992.48,12,13288.18,2,0,0.2436,1
44,57672.71,668.1,189923.17,48,373.45,0,0,0.0065,1
38,52124.85,777.4,117558.76,24,3697.9,22,4,0.0709,1
45,44042.09,636.3,197092.31,48,11849.79,4,1,0.2691,1
58,45013.36,744.3,279525.85,36,15438.27,13,2,0.343,1
40,37736.62,694.7,115905.92,12,6096.3,21,0,0.1615,1
37,56324.25,532.6,170041.45,48,16604.2,15,0,0.2948,0
26,48589.77,561.8,89469.49,24,0.0,3,2,0.0,0
37,40052.39,583.3,275310.56,60,1660.33,22,3,0.0415,0
26,40066.33,581.6,192611.34,60,0.0,1,3,0.0,0
29,31844.02,642.8,131984.03,12,2820.76,7,4,0.0886,0
63,64682.62,699.2,207381.25,48,22064.62,3,0,0.3411,1
25,51179.27,750.4,103711.98,24,26462.42,15,1,0.5171,1
42,37058.0,674.7,117320.36,48,11876.72,21,2,0.3205,1
58,62128.22,614.3,83189.32,36,4892.57,20,2,0.0787,1
63,41593.27,483.4,114657.66,24,8226.88,4,0,0.1978,0
27,28902.49,655.6,308587.01,48,13786.72,10,2,0.477,0
28,65318.33,652.1,141350.53,24,0.0,4,4,0.0,1
37,41943.55,664.6,237298.01,60,5420.01,10,0,0.1292,1
45,43866.51,818.5,133095.89,60,21479.14,7,4,0.4896,1
64,50617.7,749.2,260762.7,12,1634.32,22,2,0.0323,1
30,67138.84,712.8,117913.44,48,4007.8,23,2,0.0597,1
28,50300.56,573.0,203138.23,60,10105.55,25,3,0.2009,0
32,32013.24,609.0,204228.1,12,12265.14,6,3,0.3831,0
60,58158.16,642.4,386224.43,48,4999.97,0,3,0.086,0
22,42725.15,588.0,250434.02,60,10615.72,1,0,0.2485,0
38,78318.86,690.0,152567.68,24,14863.52,26,1,0.1898,1
26,49983.2,678.6,254803.92,36,25691.61,28,4,0.514,1
28,16474.47,562.9,371053.96,48,8990.04,6,0,0.5457,0
62,55360.47,745.7,69629.11,24,9669.62,27,3,0.1747,1
21,79168.97,658.2,132601.44,24,22219.62,16,2,0.2807,1
35,73638.8,511.7,181048.2,24,5606.67,5,0,0.0761,0
62,77464.31,645.9,166632.94,24,0.0,9,0,0.0,1
48,34703.6,672.5,173379.46,48,12001.99,8,4,0.3458,0
24,63682.29,727.8,95661.42,24,18609.4,23,0,0.2922,1
41,39170.08,623.0,312316.48,24,12888.38,5,0,0.329,0
64,53364.34,716.2,86191.31,60,9223.87,5,0,0.1728,1
39,30905.71,665.0,183982.98,36,0.0,22,3,0.0,1
44,40333.16,544.8,283666.45,60,9533.05,9,4,0.2364,0
44,39856.3,536.8,197585.21,48,19865.24,7,0,0.4984,0
50,63478.33,739.8,121648.47,60,127.06,25,3,0.002,1
29,62010.79,745.7,92105.95,12,8042.02,28,3,0.1297,1
58,54152.3,675.8,181600.06,60,6900.12,17,1,0.1274,1
65,29743.68,769.7,139437.63,60,4418.36,25,0,0.1485,1
27,45325.41,734.5,216418.49,12,11983.38,26,2,0.2644,1
57,38808.25,704.7,87883.91,24,13546.44,18,0,0.3491,1
57,63045.14,577.1,265042.86,36,13462.62,25,0,0.2135,1
54,67672.77,788.5,209243.96,36,2185.52,0,2,0.0323,1
37,65845.78,692.9,215186.91,48,0.0,1,4,0.0,1
42,38671.71,619.1,315286.14,48,12099.11,27,4,0.3129,0
58,15000.0,596.5,164976.36,24,5952.65,4,3,0.3968,0
27,23495.57,670.5,141934.66,48,24706.5,22,1,1.0515,0
58,71324.4,516.3,156178.91,60,25076.08,13,1,0.3516,0
62,43981.18,706.0,184597.87,36,25925.52,24,3,0.5895,1
51,38739.13,573.7,192722.81,60,2479.11,20,0,0.064,0
36,74639.9,679.6,133544.18,48,14554.95,2,2,0.195,1
46,68977.4,608.3,38153.18,60,16967.62,10,3,0.246,1
23,50366.73,628.8,155125.68,60,16066.83,21,4,0.319,1
62,45598.95,589.4,228786.05,12,7164.82,28,0,0.1571,1
36,48018.48,637.1,210900.66,60,20233.32,24,1,0.4214,1
23,53407.44,801.2,295964.36,12,10003.8,27,1,0.1873,1
56,74000.71,760.8,356438.92,60,11024.85,29,2,0.149,1
50,56337.01,678.4,260746.7,60,0.0,27,0,0.0,1
49,60890.44,648.0,310601.65,24,15158.12,17,4,0.2489,0
23,67539.05,717.5,261341.94,12,7916.71,10,4,0.1172,1
54,32454.86,740.4,336791.94,36,13718.23,15,1,0.4227,1
49,61322.93,583.6,348068.29,24,11880.91,24,2,0.1937,0
56,45581.47,643.8,276093.21,36,11447.49,13,2,0.2511,0
58,15000.0,504.2,256510.41,12,9634.29,25,0,0.6423,0
30,18077.46,739.8,183581.43,12,16292.8,21,4,0.9013,0
30,34728.24,815.2,196693.02,36,8408.86,6,3,0.2421,1
62,57968.35,656.4,172973.01,48,0.0,28,1,0.0,1
44,51706.99,480.0,249700.13,24,14551.64,26,2,0.2814,0
40,52765.5,698.7,142372.16,24,3527.96,18,1,0.0669,1
33,79264.15,577.7,184711.5,12,0.0,6,1,0.0,1
49,30963.66,596.9,20000.0,24,1822.05,7,1,0.0588,0
54,49588.5,700.1,337847.19,24,12266.66,26,0,0.2474,1
21,54566.53,670.4,182362.03,24,9227.85,0,4,0.1691,1
45,38955.9,611.0,236446.43,24,0.0,14,3,0.0,0
65,50424.9,598.0,316622.94,24,6930.75,19,4,0.1374,0
33,26000.76,660.1,224023.47,48,19353.85,7,0,0.7444,0
33,71148.59,617.2,315547.5,24,6389.63,26,3,0.0898,1
